Locus,GeneID
ECK120001251,b0001
ECK120000987,thrA
ECK120000988,thrB
ECK120000989,thrC
ECK120002701,yaaX
ECK120000009,yaaA
ECK120001508,yaaJ
ECK120001509,talB
ECK120001467,mog
ECK120001468,satP
ECK120002702,yaaW
ECK120001465,mbiA
ECK120004453,yaaI
ECK120000235,dnaK
ECK120002604,tpke11
ECK120000234,dnaJ
ECK120002703,insL-1
ECK120002704,Phantom Gene
ECK120002652,hokC
ECK120000366,mokC
ECK120002653,sokC
ECK120000645,nhaA
ECK120001066,nhaR
ECK120002705,insB-1
ECK120023911,insAB-1
ECK120002706,insA-1
ECK120000910,rpsT
ECK120002707,yaaY
ECK120001067,ribF
ECK120000485,ileS
ECK120000541,lspA
ECK120001068,fkpB
ECK120001069,ispH
ECK120001070,rihC
ECK120000200,dapB
ECK120000130,carA
ECK120000131,carB
ECK120002708,caiF
ECK120002330,caiE
ECK120001510,caiD
ECK120001511,caiC
ECK120001512,caiB
ECK120001513,caiA
ECK120001514,caiT
ECK120001515,fixA
ECK120001516,fixB
ECK120001517,fixC
ECK120001518,fixX
ECK120001519,yaaU
ECK120001520,kefF
ECK120000514,kefC
ECK120000320,folA
ECK120000044,apaH
ECK120000043,apaG
ECK120000516,rsmA
ECK120000684,pdxA
ECK120000974,surA
ECK120001521,lptD
ECK120001522,djlA
ECK120002332,yabP
ECK120002333,yabQ
ECK120002331,rluA
ECK120001071,rapA
ECK120000738,polB
ECK120000051,araD
ECK120000048,araA
ECK120000049,araB
ECK120000050,araC
ECK120001523,yabI
ECK120001524,thiQ
ECK120001525,thiP
ECK120001526,tbpA
ECK120002641,sroA
ECK120001999,sgrR
ECK120002667,sgrS
ECK120033551,sgrT
ECK120001692,setA
ECK120001527,leuD
ECK120001528,leuC
ECK120001529,leuB
ECK120001204,leuA
ECK120001253,leuL
ECK120000524,leuO
ECK120000493,ilvI
ECK120000492,ilvH
ECK120001247,fruL
ECK120000332,cra
ECK120001072,mraZ
ECK120001073,rsmH
ECK120001074,ftsL
ECK120000335,ftsI
ECK120000614,murE
ECK120000615,murF
ECK120000597,mraY
ECK120000613,murD
ECK120000338,ftsW
ECK120000616,murG
ECK120000612,murC
ECK120000208,ddlB
ECK120000336,ftsQ
ECK120000333,ftsA
ECK120000341,ftsZ
ECK120000259,lpxC
ECK120001075,secM
ECK120000925,secA
ECK120000619,mutT
ECK120002709,b0100
ECK120002191,yacG
ECK120002190,zapD
ECK120002189,coaE
ECK120000415,guaC
ECK120002710,b0105
ECK120001732,hofC
ECK120002011,hofB
ECK120002012,ppdD
ECK120001500,nadC
ECK120000037,ampD
ECK120000038,ampE
ECK120000080,aroP
ECK120001076,pdhR
ECK120002605,tp2
ECK120000021,aceE
ECK120000022,aceF
ECK120000536,lpd
ECK120002192,yacH
ECK120002193,acnB
ECK120002328,yacL
ECK120000951,speD
ECK120000952,speE
ECK120001077,yacC
ECK120002194,cueO
ECK120000362,gcd
ECK120002443,hpt
ECK120002195,can
ECK120002196,yadG
ECK120002197,yadH
ECK120002198,yadI
ECK120001687,yadE
ECK120001685,panD
ECK120001686,rpnC
ECK120001684,panC
ECK120001618,panB
ECK120001621,yadC
ECK120002200,yadK
ECK120002201,yadL
ECK120002202,yadM
ECK120001897,htrE
ECK120001898,yadV
ECK120002203,yadN
ECK120001342,folK
ECK120000683,pcnB
ECK120001331,gluQ
ECK120000224,dksA
ECK120000938,sfsA
ECK120002205,thpR
ECK120002204,hrpB
ECK120000598,mrcB
ECK120000296,fhuA
ECK120000298,fhuC
ECK120000299,fhuD
ECK120000297,fhuB
ECK120000425,hemL
ECK120002206,clcA
ECK120002207,erpA
ECK120002208,yadS
ECK120002209,btuF
ECK120001078,mtn
ECK120000219,dgt
ECK120000456,degP
ECK120002210,cdaR
ECK120002211,yaeH
ECK120002212,yaeI
ECK120002711,b0165
ECK120000201,dapD
ECK120001377,glnD
ECK120000563,map
ECK120002606,tff
ECK120000892,rpsB
ECK120001022,tsf
ECK120001493,pyrH
ECK120000329,frr
ECK120002371,dxr
ECK120002712,ispU
ECK120000135,cdsA
ECK120002290,rseP
ECK120002713,bamA
ECK120000448,skp
ECK120000310,lpxD
ECK120001257,fabZ
ECK120000538,lpxA
ECK120000539,lpxB
ECK120000852,rnhB
ECK120000232,dnaE
ECK120001591,accA
ECK120002714,ldcC
ECK120002715,yaeR
ECK120002716,tilS
ECK120002717,rof
ECK120002691,yaeP
ECK120002718,yaeQ
ECK120002223,arfB
ECK120002038,nlpE
ECK120002039,yaeF
ECK120000761,proS
ECK120001459,trmO
ECK120001458,rcsF
ECK120001460,metQ
ECK120001676,metI
ECK120001569,metN
ECK120001675,gmhB
ECK120002532,rrsH
ECK120002487,ileV
ECK120002453,alaV
ECK120002525,rrlH
ECK120002518,rrfH
ECK120002467,aspU
ECK120001592,dkgB
ECK120001593,yafC
ECK120001594,yafD
ECK120001595,yafE
ECK120000240,mltD
ECK120002719,gloB
ECK120002720,yafS
ECK120000851,rnhA
ECK120000237,dnaQ
ECK120002468,aspV
ECK120002721,yafT
ECK120030067,ykfM
ECK120002607,C0067
ECK120002722,yafU
ECK120016283,yafF
ECK120002723,yafV
ECK120002724,ivy
ECK120002725,fadE
ECK120002726,lpcA
ECK120002727,yafJ
ECK120002728,yafK
ECK120002729,yafQ
ECK120002730,dinJ
ECK120002731,yafL
ECK120002732,rayT
ECK120002733,lfhA
ECK120002734,lafU
ECK120002735,dinB
ECK120002736,yafN
ECK120002737,yafO
ECK120002738,yafP
ECK120002739,ykfJ
ECK120001452,prfH
ECK120000687,pepD
ECK120000407,gpt
ECK120001079,frsA
ECK125256958,crl_1
ECK120001080,crl
ECK125229290,insB9
ECK125229291,insA9
ECK125256962,crl_2
ECK120000720,phoE
ECK120000759,proB
ECK120000758,proA
ECK120002546,thrW
ECK120002740,ykfI
ECK120002741,yafW
ECK120016284,ykfH
ECK120002742,ykfG
ECK120002743,yafX
ECK120002744,ykfF
ECK120002745,ykfB
ECK120002746,yafY
ECK120033231,ykfL
ECK120033232,ykfK
ECK120002747,yafZ
ECK120002748,ykfA
ECK120002749,perR
ECK120002750,insN-1
ECK120002751,insI-1
ECK120002752,insO-1
ECK125135291,eyeA
ECK120002753,ykfC
ECK120002754,insH-1
ECK120002755,mmuP
ECK120002756,mmuM
ECK120002215,afuC
ECK120002757,afuB
ECK120002758,insB-2
ECK120023913,insAB-2
ECK120002759,insA-2
ECK125240991,insI2
ECK120016285,insX
ECK120002214,yagB
ECK120002213,yagA
ECK120002760,yagE
ECK120002761,yagF
ECK120002762,yagG
ECK120002763,yagH
ECK120002764,xynR
ECK120000063,argF
ECK125240987,ykgS
ECK120023914,insAB-3
ECK120002765,insB-3
ECK120002766,insA-3
ECK120002767,yagJ
ECK120002768,yagK
ECK120002769,yagL
ECK120002770,yagM
ECK120002771,yagN
ECK120002772,intF
ECK125146691,nc1
ECK120002773,yagP
ECK120002774,paoD
ECK120002775,paoC
ECK120002776,paoB
ECK120002777,paoA
ECK120002778,yagU
ECK120002779,ykgJ
ECK120002780,ecpE
ECK120002781,ecpD
ECK120002782,ecpC
ECK120002783,ecpB
ECK120002784,ecpA
ECK120002785,ecpR
ECK120002786,ykgL
ECK120016286,ykgO
ECK120002787,ykgM
ECK120048866,ykgR
ECK120002057,eaeH
ECK120023906,insEF-1
ECK120002788,insE-1
ECK120002789,insF-1
ECK120002790,ykgA
ECK125095416,ykgQ
ECK120002791,rclC
ECK120002792,rclB
ECK120002793,rclA
ECK120002794,rclR
ECK120002795,ykgE
ECK120002796,ykgF
ECK120002797,ykgG
ECK120002798,b0309
ECK120002799,ykgH
ECK120000105,betA
ECK120000106,betB
ECK120000107,betI
ECK120000108,betT
ECK120001214,pdeL
ECK120002800,yahB
ECK120002801,yahC
ECK120002802,yahD
ECK120002803,yahE
ECK120002804,yahF
ECK120002805,yahG
ECK120026444,yahH
ECK120002806,yahI
ECK120002807,yahJ
ECK120002808,yahK
ECK120002809,yahL
ECK120002810,yahM
ECK120002811,yahN
ECK120002812,yahO
ECK120002813,prpR
ECK120002814,prpB
ECK120002815,prpC
ECK120002816,prpD
ECK120002817,prpE
ECK120001298,codB
ECK120001297,codA
ECK120001385,cynR
ECK120000171,cynT
ECK120000170,cynS
ECK120000172,cynX
ECK120000517,lacA
ECK120000519,lacY
ECK120000520,lacZ
ECK120000518,lacI
ECK120002818,mhpR
ECK120004469,mhpA
ECK120004470,mhpB
ECK120004471,mhpC
ECK120004472,mhpD
ECK120004473,mhpF
ECK120002819,mhpE
ECK120002820,mhpT
ECK120002821,yaiL
ECK120002822,frmB
ECK120002569,frmA
ECK120002823,frmR
ECK120002824,yaiO
ECK120002825,yaiX_2
ECK120023917,insCD-1
ECK120002826,insC-1
ECK120002827,insD-1
ECK120002828,yaiX_1
ECK120002829,yaiP
ECK120002830,yaiS
ECK120002831,tauA
ECK120002832,tauB
ECK120002833,tauC
ECK120002281,tauD
ECK120000421,hemB
ECK120002834,ykiB
ECK120002835,yaiT
ECK120002836,insF-2
ECK120023908,insEF-2
ECK120002837,insE-2
ECK120002838,yaiU
ECK120002839,iprA
ECK120002410,ampH
ECK120000917,sbmA
ECK120002840,yaiW
ECK120002841,yaiY
ECK120002842,yaiZ
ECK120000207,ddlA
ECK120001231,iraP
ECK120000718,phoA
ECK120001367,psiF
ECK120001232,dgcC
ECK120000760,proC
ECK120002843,yaiI
ECK120000078,aroL
ECK120001081,yaiA
ECK120000079,aroM
ECK120002056,ppnP
ECK120002844,ykiA
ECK120002055,rdgC
ECK120001261,mak
ECK120000056,araJ
ECK120000916,sbcC
ECK120001082,sbcD
ECK120000719,phoB
ECK120000724,phoR
ECK120002064,brnQ
ECK120002845,proY
ECK120000558,malZ
ECK120001083,acpH
ECK120000803,queA
ECK120000985,tgt
ECK120001084,yajC
ECK120000927,secD
ECK120000929,secF
ECK120001085,yajD
ECK120001024,tsx
ECK120002413,yajI
ECK120001291,nrdR
ECK120001292,ribD
ECK120001293,ribE
ECK120000659,nusB
ECK120002846,thiL
ECK120000696,pgpA
ECK120002847,yajO
ECK120002848,dxs
ECK120000501,ispA
ECK120001086,xseB
ECK120002849,thiI
ECK120002673,yajL
ECK120002850,panE
ECK120002851,yajQ
ECK120002852,yajR
ECK120000177,cyoE
ECK120000176,cyoD
ECK120000175,cyoC
ECK120000174,cyoB
ECK120000173,cyoA
ECK120002076,ampG
ECK120002075,yajG
ECK120000121,bolA
ECK120000992,tig
ECK120000154,clpP
ECK120000155,clpX
ECK120002574,sraA
ECK120000535,lon
ECK120000460,hupB
ECK120002853,ppiD
ECK120002854,ybaV
ECK120002855,fadM
ECK120002856,queC
ECK120002431,ybaE
ECK120002857,cof
ECK120002858,decR
ECK120002859,mdlA
ECK120001570,mdlB
ECK120002080,glnK
ECK120001753,amtB
ECK120000984,tesB
ECK120002860,ybaY
ECK120002861,atl
ECK120002469,ffs
ECK120001087,ybaA
ECK120002862,pdeB
ECK120002863,ylaC
ECK120002699,maa
ECK120000432,hha
ECK120002285,tomB
ECK120001647,acrB
ECK120001646,acrA
ECK120002020,acrR
ECK120002864,mscK
ECK120002390,ybaM
ECK120000756,priC
ECK120002396,ybaN
ECK120000047,apt
ECK120000239,dnaX
ECK120000239,dnaX
ECK120001088,ybaB
ECK120000825,recR
ECK120000454,htpG
ECK120000029,adk
ECK120000424,hemH
ECK120001089,aes
ECK120001090,gsk
ECK120002335,ybaL
ECK120002865,fsr
ECK120001049,ushA
ECK120002303,ybaK
ECK120002642,chiX
ECK120002866,ybaP
ECK120002867,ybaQ
ECK120002868,copA
ECK120002868,copA
ECK120002869,glsA
ECK120002870,ybaT
ECK120002871,cueR
ECK120002872,ybbJ
ECK120002873,qmcA
ECK120002874,fetA
ECK120002875,fetB
ECK120002876,ybbN
ECK120002877,ybbO
ECK120001496,tesA
ECK120001600,ybbA
ECK120002878,ybbP
ECK120000840,rhsD
ECK120001705,ybbC
ECK120002879,ylbH
ECK120001706,ybbD
ECK120002880,Phantom Gene
ECK120002881,ylbG
ECK120001704,selU
ECK120002882,allS
ECK120002883,allA
ECK120002884,allR
ECK120001534,gcl
ECK120002885,hyi
ECK120002886,glxR
ECK120002888,ybbW
ECK120002889,allB
ECK120002890,ybbY
ECK120002891,glxK
ECK120002892,allE
ECK120002893,allC
ECK120002894,allD
ECK120002895,fdrA
ECK120002896,ylbE
ECK120002897,ylbF
ECK120002249,ybcF
ECK120000787,purK
ECK120000784,purE
ECK120002352,lpxH
ECK120000749,ppiB
ECK120000191,cysS
ECK120002366,ybcI
ECK120002418,ybcJ
ECK120000322,folD
ECK120002898,sfmA
ECK120002899,sfmC
ECK120002900,sfmD
ECK120002901,sfmH
ECK120002253,sfmF
ECK120001091,fimZ
ECK120002457,argU
ECK120000500,intD
ECK120002902,Phantom Gene
ECK120002903,ybcC
ECK120026446,ybcD
ECK120002904,insE-3
ECK120023909,insEF-3
ECK120002905,insF-3
ECK120002906,renD
ECK120000622,emrE
ECK120002908,ybcK
ECK120002909,ybcL
ECK120002910,ybcM
ECK120030068,ylcH
ECK120002911,ybcN
ECK120002912,ninE
ECK120002913,ybcO
ECK120002914,rusA
ECK125122009,ipeX
ECK120016287,ylcG
ECK120002915,ybcQ
ECK120002916,insH-2
ECK120000652,nmpC
ECK120002917,essD
ECK120002918,rrrD
ECK120002919,rzpD
ECK120016288,rzoD
ECK120002920,borD
ECK120002921,ybcV
ECK120002922,ybcW
ECK120030069,ylcI
ECK120001582,nohB
ECK120002923,tfaD
ECK120002924,ybcY
ECK120002925,tfaX
ECK120000046,appY
ECK120000666,ompT
ECK120000262,envY
ECK120002300,ybcH
ECK120001679,nfrA
ECK120001678,nfrB
ECK120002926,cusS
ECK120002927,cusR
ECK120002928,cusC
ECK120002929,cusF
ECK120002930,cusB
ECK120002235,cusA
ECK120000700,pheP
ECK120002931,ybdG
ECK120002564,nfsB
ECK120002932,ybdF
ECK120002933,ybdJ
ECK120002934,ybdK
ECK125240990,sokE
ECK120002654,hokE
ECK120002935,insL-2
ECK120000256,entD
ECK120000287,fepA
ECK120000293,fes
ECK120016289,ybdZ
ECK120000258,entF
ECK120000291,fepE
ECK120000289,fepC
ECK120000292,fepG
ECK120000290,fepD
ECK120001092,entS
ECK120000288,fepB
ECK120000255,entC
ECK120000257,entE
ECK120000254,entB
ECK120000253,entA
ECK120001093,entH
ECK120000163,cstA
ECK120016290,ybdD
ECK120002357,hcxA
ECK120002936,ybdL
ECK120002937,ybdM
ECK120002938,ybdN
ECK120002939,ybdO
ECK120002940,dsbG
ECK120001351,ahpC
ECK120001352,ahpF
ECK120002941,uspG
ECK120002942,ybdR
ECK120002943,Phantom Gene
ECK120002944,rnk
ECK120000847,rna
ECK120002945,citT
ECK120002946,citG
ECK120002947,citX
ECK120002948,citF
ECK120002949,citE
ECK120002950,citD
ECK120002951,citC
ECK120002952,dpiB
ECK120002953,dpiA
ECK120002954,dcuC
ECK120002073,pagP
ECK120002072,cspE
ECK120002096,crcB
ECK120002095,ybeM_1
ECK120002955,ybeM_2
ECK120001278,tatE
ECK120001279,lipA
ECK120001542,ybeF
ECK120001540,lipB
ECK120001541,ybeD
ECK120000195,dacA
ECK120000845,rlpA
ECK120000600,mrdB
ECK120000599,mrdA
ECK120001229,rlmH
ECK120001230,rsfS
ECK120002956,cobC
ECK120002957,nadD
ECK120001378,holA
ECK120000846,lptE
ECK120000525,leuS
ECK120002400,ybeL
ECK120002958,ybeQ
ECK120002959,ybeR
ECK120002960,djlB
ECK120002961,ybeT
ECK120002962,ybeU
ECK120002963,djlC
ECK120002964,hscC
ECK120002965,rihA
ECK120002351,gltL
ECK120002350,gltK
ECK120002349,gltJ
ECK120002643,sroC
ECK120002966,gltI
ECK120002967,insH-3
ECK120000164,lnt
ECK120002968,ybeX
ECK120002969,ybeY
ECK120002970,ybeZ
ECK120002971,miaB
ECK120002972,ubiF
ECK120002473,glnX
ECK120002471,glnV
ECK120002501,metU
ECK120002472,glnW
ECK120002470,glnU
ECK120002494,leuW
ECK120002500,metT
ECK120000088,asnB
ECK120000627,umpH
ECK120000629,nagC
ECK120000625,nagA
ECK120000626,nagB
ECK120000628,nagE
ECK120000383,glnS
ECK120002973,chiP
ECK120002974,chiQ
ECK120000352,fur
ECK120029856,uof
ECK120000312,fldA
ECK120001709,ybfE
ECK120001710,ybfF
ECK120002086,seqA
ECK120002045,pgm
ECK120002975,ybfP
ECK120001711,ybfG
ECK120001712,ybfH
ECK120000744,potE
ECK120000953,speF
ECK120030070,ybfK
ECK120000510,kdpE
ECK120000509,kdpD
ECK120000508,kdpC
ECK120000507,kdpB
ECK120000506,kdpA
ECK120016291,kdpF
ECK120001475,ybfA
ECK120000839,rhsC
ECK120004454,Phantom Gene
ECK120001476,ybfB
ECK120002976,ybfO
ECK120001477,ybfC
ECK120016292,ybfQ
ECK120002977,ybfL
ECK120001478,ybfD
ECK120001094,ybgA
ECK120000727,phr
ECK120002978,dtpD
ECK120002979,ybgI
ECK120002980,pxpB
ECK120002981,pxpC
ECK120002982,pxpA
ECK120002983,nei
ECK120002984,abrB
ECK120002985,ybgO
ECK120002986,ybgP
ECK120002987,ybgQ
ECK120002227,ybgD
ECK120000395,gltA
ECK120000922,sdhC
ECK120000923,sdhD
ECK120000920,sdhA
ECK120000921,sdhB
ECK120002988,b0725
ECK120000968,sucA
ECK120000969,sucB
ECK120000970,sucC
ECK120000971,sucD
ECK120001095,mngR
ECK120002432,mngA
ECK120002433,mngB
ECK120000168,cydA
ECK120000169,cydB
ECK120016293,cydX
ECK120002258,ybgE
ECK120001096,ybgC
ECK120000999,tolQ
ECK120001000,tolR
ECK120000996,tolA
ECK120000997,tolB
ECK120000677,pal
ECK120002402,cpoB
ECK120002497,lysT
ECK120002551,valT
ECK120002499,lysW
ECK120002989,valZ
ECK120002990,lysY
ECK120002991,lysZ
ECK120002992,lysQ
ECK120000623,nadA
ECK120001643,pnuC
ECK120002993,zitB
ECK120002994,ybgS
ECK120000075,aroG
ECK120001642,gpmA
ECK120001641,galM
ECK120000356,galK
ECK120000359,galT
ECK120000355,galE
ECK120001620,modF
ECK120002995,modE
ECK120002996,acrZ
ECK120002283,modA
ECK120000002,modB
ECK120000148,modC
ECK120001217,ybhA
ECK120002997,pgl
ECK120002998,ybhD
ECK120002999,ybhH
ECK120003000,ybhI
ECK120003001,ybhJ
ECK120002414,ybhC
ECK120001216,ybhB
ECK120000113,bioA
ECK120000114,bioB
ECK120000117,bioF
ECK120000115,bioC
ECK120000116,bioD
ECK120030071,ybhU
ECK120001051,uvrB
ECK120003002,ybhK
ECK120001543,moaA
ECK120001544,moaB
ECK120001609,moaC
ECK120001545,moaD
ECK120001546,moaE
ECK120003003,ybhL
ECK120003004,ybhM
ECK120003005,ybhN
ECK120003006,clsB
ECK120003007,ybhP
ECK120003008,ybhQ
ECK120003009,ybhR
ECK120003010,ybhS
ECK120003011,ybhF
ECK120003012,ybhG
ECK120002268,cecR
ECK120001213,rhlE
ECK120001531,ybiA
ECK120001326,dinG
ECK120001532,ybiB
ECK120001533,hcxB
ECK120002280,ybiJ
ECK120002279,ybiI
ECK120003013,ybiX
ECK120003014,fiu
ECK120003015,mcbA
ECK120003016,rlmF
ECK120003017,ybiO
ECK120000382,glnQ
ECK120000381,glnP
ECK120000379,glnH
ECK120001381,dps
ECK120002036,rhtA
ECK120002021,ompX
ECK120003018,opgE
ECK120003019,yliL
ECK120002592,rybA
ECK125140755,mntS
ECK120003020,mntR
ECK120003021,ybiR
ECK120003022,ldtB
ECK120003023,ybiT
ECK120003024,ybiU
ECK120003025,ybiV
ECK120003026,ybiW
ECK120003027,ybiY
ECK120003028,fsaA
ECK120000150,moeB
ECK120000149,moeA
ECK120002269,iaaA
ECK120003029,gsiA
ECK120003030,gsiB
ECK120003031,gsiC
ECK120003032,gsiD
ECK120003033,pdeI
ECK120003034,dgcI
ECK120003035,rimO
ECK120003036,bssR
ECK120003037,yliI
ECK120003038,gstB
ECK120000197,dacC
ECK120000217,deoR
ECK120003039,ybjG
ECK120003040,mdfA
ECK120003041,ybjH
ECK120003042,ybjI
ECK120003043,ybjJ
ECK120003044,rcdA
ECK120002591,rybB
ECK120003045,ybjL
ECK120003046,ybjM
ECK120000410,grxA
ECK120002395,ybjC
ECK120001236,nfsA
ECK120000843,rimK
ECK120003047,ybjN
ECK120001577,potF
ECK120001578,potG
ECK120001579,potH
ECK120001580,potI
ECK120003048,ybjO
ECK120003049,rlmC
ECK120001576,artJ
ECK120001575,artM
ECK120001574,artQ
ECK120001573,artI
ECK120001572,artP
ECK120003050,ybjP
ECK120003051,ybjQ
ECK120003052,amiD
ECK120003053,ybjS
ECK120003054,ybjT
ECK120003055,ltaE
ECK120000745,poxB
ECK120003056,hcr
ECK120003057,hcp
ECK120003058,lysO
ECK120002435,aqpZ
ECK120003059,ybjD
ECK120003060,ybjX
ECK120003061,macA
ECK120003062,macB
ECK120001097,cspD
ECK120003063,clpS
ECK120000152,clpA
ECK120002538,serW
ECK120000497,infA
ECK120001098,aat
ECK120000010,cydC
ECK120001371,cydD
ECK120001021,trxB
ECK120000540,lrp
ECK120003064,ftsK
ECK120003065,lolA
ECK120002355,rarA
ECK120000936,serS
ECK120000226,dmsA
ECK120000227,dmsB
ECK120000228,dmsC
ECK120001218,ycaC
ECK120001219,ycaD
ECK120003066,ycaM
ECK120003067,ycaN
ECK120002361,ycaK
ECK120000025,pflA
ECK120000693,pflB
ECK120001233,focA
ECK120003068,ycaO
ECK120003069,ycaP
ECK120000935,serC
ECK120000069,aroA
ECK120003070,ycaL
ECK120001239,cmk
ECK120000891,rpsA
ECK120000434,ihfB
ECK120002243,ycaI
ECK120000606,msbA
ECK120001375,lpxK
ECK120003071,ycaQ
ECK120003072,ycaR
ECK120000512,kdsB
ECK120003073,ycbJ
ECK120002062,elyC
ECK120002063,cmoM
ECK120002061,mukF
ECK120001227,mukE
ECK120000611,mukB
ECK120001228,ldtD
ECK120003074,ycbK
ECK120003075,gloC
ECK120000092,aspC
ECK120000664,ompF
ECK120000090,asnS
ECK120000733,pncB
ECK120000688,pepN
ECK120002226,ssuB
ECK120003076,ssuC
ECK120003077,ssuD
ECK120003078,ssuA
ECK120003079,ssuE
ECK120003080,elfA
ECK120003081,elfD
ECK120003082,elfC
ECK120003083,elfG
ECK120003084,ycbU
ECK120003085,ycbV
ECK120002260,ycbF
ECK120000798,pyrD
ECK120003086,zapC
ECK120003087,ycbX
ECK120003088,rlmL
ECK120003089,uup
ECK120003090,pqiA
ECK120003091,pqiB
ECK120003092,pqiC
ECK120002563,rmf
ECK120000267,fabA
ECK120003093,ycbZ
ECK120002403,matP
ECK120000662,ompA
ECK120000973,sulA
ECK120003094,sxy
ECK120003095,yccS
ECK120003096,yccF
ECK120000419,helD
ECK120003097,mgsA
ECK120003098,yccT
ECK120003099,yccU
ECK120003100,hspQ
ECK120003101,rlmI
ECK120003102,yccX
ECK120002415,tusE
ECK120001099,yccA
ECK120002535,serT
ECK120000461,hyaA
ECK120000462,hyaB
ECK120000463,hyaC
ECK120000464,hyaD
ECK120000465,hyaE
ECK120000466,hyaF
ECK120001348,appC
ECK120001347,appB
ECK120030072,appX
ECK120000045,appA
ECK120001758,etk
ECK120003103,etp
ECK120003104,gfcE
ECK120003105,gfcD
ECK120003106,gfcC
ECK120003107,gfcB
ECK120003108,gfcA
ECK120016282,insA-4
ECK120023912,insAB-4
ECK120003109,insB-4
ECK120003110,cspH
ECK120003111,cspG
ECK125256966,ymcF
ECK120003112,ymcE
ECK120002666,gnsA
ECK120003113,yccM
ECK120003114,torS
ECK120003115,torT
ECK120002334,torR
ECK120001748,torC
ECK120001747,torA
ECK120002084,torD
ECK120002083,cbpM
ECK120002082,cbpA
ECK120002085,yccE
ECK120000030,agp
ECK120002362,yccJ
ECK120001494,wrbA
ECK120003116,ycdF
ECK120016295,ymdF
ECK120003117,rutG
ECK120003118,rutF
ECK120003119,rutE
ECK120003120,rutD
ECK120003121,rutC
ECK120003122,rutB
ECK120003123,rutA
ECK120002180,rutR
ECK120000792,putA
ECK120000793,putP
ECK120003124,efeU_1
ECK120016545,efeU_2
ECK120003125,efeO
ECK120001674,efeB
ECK120001673,phoH
ECK120003126,pgaD
ECK120003127,pgaC
ECK120003128,pgaB
ECK120003129,pgaA
ECK120003130,dgcT
ECK120003131,insF-4
ECK120023910,insEF-4
ECK120003132,insE-4
ECK120003133,ymdE
ECK120003134,ycdU
ECK120002539,serX
ECK120003135,ghrA
ECK120003136,ycdX
ECK120003137,ycdY
ECK120003138,ycdZ
ECK120003139,csgG
ECK120003140,csgF
ECK120003141,csgE
ECK120003142,csgD
ECK120003143,csgB
ECK120001445,csgA
ECK120003144,csgC
ECK120003145,ymdA
ECK120003146,ymdB
ECK120003147,clsC
ECK120003148,opgC
ECK120001815,opgG
ECK120001816,opgH
ECK120002354,yceK
ECK120001309,msyB
ECK120003149,b1052
ECK120001314,mdtG
ECK120000457,lpxL
ECK120001100,yceA
ECK120001752,yceI
ECK120003150,yceJ
ECK120003151,yceO
ECK120003152,solA
ECK120003153,bssS
ECK120003154,dinI
ECK120000797,pyrC
ECK120001101,yceB
ECK120002353,grxB
ECK120003155,mdtH
ECK120000842,rimJ
ECK120001491,yceH
ECK120003156,yceM
ECK120003157,murJ
ECK120003158,flgN
ECK120002689,flgM
ECK120002678,flgA
ECK120002679,flgB
ECK120002680,flgC
ECK120002682,flgD
ECK120002683,flgE
ECK120002684,flgF
ECK120002685,flgG
ECK120002686,flgH
ECK120002687,flgI
ECK120002688,flgJ
ECK120001893,flgK
ECK120001499,flgL
ECK120000850,rne
ECK120003159,yceQ
ECK120001102,rluC
ECK120001402,yceF
ECK120002575,sraB
ECK120001103,yceD
ECK120000881,rpmF
ECK120001401,plsX
ECK120000271,fabH
ECK120001288,fabD
ECK120001289,fabG
ECK120002562,acpP
ECK120002329,fabF
ECK120001449,pabC
ECK120001450,mltG
ECK120002181,tmk
ECK120001456,holB
ECK120002182,ycfH
ECK120000778,ptsG
ECK120000300,fhuE
ECK120002067,hinT
ECK120003160,ycfL
ECK120003161,lpoB
ECK120003162,thiK
ECK120003163,nagZ
ECK120003164,ycfP
ECK120000642,ndh
ECK120002297,ycfJ
ECK120003165,comR
ECK120003166,bhsA
ECK120003167,ldtC
ECK120001567,mfd
ECK120003168,ycfT
ECK120003169,lolC
ECK120003170,lolD
ECK120003171,lolE
ECK120003172,nagK
ECK120003173,cobB
ECK120003174,ycfZ
ECK120003175,ymfA
ECK120000743,potD
ECK120000742,potC
ECK120000741,potB
ECK120000740,potA
ECK120001503,pepT
ECK120001394,roxA
ECK120000723,phoQ
ECK120000722,phoP
ECK120001285,purB
ECK120001316,hflD
ECK120001315,mnmA
ECK120003176,nudJ
ECK120003177,rluE
ECK120000482,icd
ECK120002608,C0293
ECK120003178,ymfD
ECK120003179,ymfE
ECK120000528,lit
ECK120002238,intE
ECK120003180,xisE
ECK120003181,ymfH
ECK120003182,ymfI
ECK120003183,ymfJ
ECK120003184,ymfK
ECK120003185,ymfT
ECK120003186,ymfL
ECK120003187,ymfM
ECK120003188,ymfN
ECK120003189,ymfR
ECK120003190,beeE
ECK120003191,jayE
ECK120003192,ymfQ
ECK120002416,ycfK
ECK120003193,tfaP
ECK120001104,tfaE
ECK120003194,stfE
ECK120000728,pinE
ECK120000566,mcrA
ECK120026447,icdC
ECK120003195,iraM
ECK120003196,ycgX
ECK120003197,bluR
ECK120003198,bluF
ECK120003199,ycgZ
ECK120003200,ymgA
ECK120003201,ariR
ECK120003202,ymgC
ECK120003203,pdeG
ECK120015304,ymgF
ECK120003204,ycgH_1
ECK120003205,ycgH_2
ECK120003206,ymgD
ECK120003207,ymgG
ECK120030073,ymgI
ECK120030074,ymgJ
ECK120016296,ymgH
ECK120003208,ycgI
ECK120000591,minE
ECK120000590,minD
ECK120000589,minC
ECK120003209,ycgJ
ECK120003210,pliG
ECK120003211,ycgL
ECK120003212,ycgM
ECK120003213,ycgN
ECK120003214,hlyE
ECK120002609,C0299
ECK120001046,umuD
ECK120001045,umuC
ECK120001360,dsbB
ECK120001359,nhaB
ECK120000275,fadR
ECK120001471,ycgB
ECK120001373,dadA
ECK120001374,dadX
ECK120003215,cvrA
ECK120003216,ldcA
ECK120003217,emtA
ECK120003218,ycgR
ECK120003219,ymgE
ECK120003220,ycgY
ECK120001006,treA
ECK120002261,dhaM
ECK120003221,dhaL
ECK120003222,dhaK
ECK120003223,dhaR
ECK120003224,ycgV
ECK120001370,ychF
ECK120000776,pth
ECK120001487,ychH
ECK120002255,dauA
ECK120000765,prs
ECK120001267,ispE
ECK120001266,lolB
ECK120000420,hemA
ECK120000752,prfA
ECK120002282,prmC
ECK120003225,ychQ
ECK120001226,ychA
ECK120000511,kdsA
ECK120002655,ldrA
ECK120002656,rdlA
ECK120002657,ldrB
ECK120002658,rdlB
ECK120002659,ldrC
ECK120002660,rdlC
ECK120001691,chaA
ECK120002264,chaB
ECK120002265,chaC
ECK120002266,ychN
ECK120002267,ychO
ECK120000636,narL
ECK120000639,narX
ECK120000635,narK
ECK120000631,narG
ECK120000632,narH
ECK120000634,narJ
ECK120000633,narI
ECK120003226,ychS
ECK120002661,rttR
ECK120001005,tpr
ECK120002550,tyrV
ECK120002548,tyrT
ECK120001751,purU
ECK120002022,ychJ
ECK120002023,rssA
ECK120002024,rssB
ECK120001290,galU
ECK120000450,hns
ECK120000983,tdk
ECK120001559,ychG_2
ECK120003227,ychG_1
ECK120000028,adhE
ECK120001313,ychE
ECK125121991,oppA5'
ECK125135293,Pseudo Gene
ECK125229292,insH21
ECK120000667,oppA
ECK120000668,oppB
ECK120000669,oppC
ECK120000670,oppD
ECK120000671,oppF
ECK120003228,yciU
ECK120001556,clsA
ECK120002602,yciY
ECK120001554,kch
ECK120001555,yciI
ECK120001001,tonB
ECK120001105,yciA
ECK120001106,yciB
ECK120001107,yciC
ECK120001108,ompW
ECK120001109,yciE
ECK120001110,yciF
ECK120001111,yciG
ECK120001013,trpA
ECK120001014,trpB
ECK120001015,trpC
ECK120001016,trpD
ECK120001017,trpE
ECK120001248,trpL
ECK120003229,yciV
ECK120003230,yciO
ECK120003231,yciQ
ECK120002288,rluB
ECK120000126,btuR
ECK120001695,yciK
ECK120000945,sohB
ECK120002411,yciN
ECK120001002,topA
ECK120000179,cysB
ECK120016922,ymiA
ECK120016923,yciX
ECK120001296,acnA
ECK120001302,ribA
ECK120000697,pgpB
ECK120003232,lapA
ECK120002356,lapB
ECK120000800,pyrF
ECK120001112,yciH
ECK120000672,osmB
ECK120003233,yciT
ECK120030075,yciZ
ECK120003234,pdeR
ECK125240986,ymiB
ECK120001568,rnb
ECK120003235,yciW
ECK120001482,fabI
ECK120003236,ycjD
ECK120002184,sapF
ECK120002183,sapD
ECK120002674,sapC
ECK120002675,sapB
ECK120002676,sapA
ECK120003237,ymjA
ECK120003238,puuP
ECK120003239,puuA
ECK120003240,puuD
ECK120002286,puuR
ECK120000033,puuC
ECK120001754,puuB
ECK120003241,puuE
ECK120002219,pspF
ECK120000767,pspA
ECK120000768,pspB
ECK120000769,pspC
ECK120000770,pspD
ECK120000771,pspE
ECK120003242,ycjM
ECK120003243,ycjN
ECK120003244,ycjO
ECK120003245,ycjP
ECK120003246,ycjQ
ECK120003247,ycjR
ECK120003248,ycjS
ECK120003249,ycjT
ECK120003250,ycjU
ECK120003251,ycjV
ECK120016297,ymjB
ECK120003252,ompG
ECK120003253,ycjW
ECK120003254,ycjX
ECK120002412,ycjF
ECK120001031,tyrR
ECK120003255,tpx
ECK120003256,ycjG
ECK120003257,mpaA
ECK120016298,ymjC
ECK120048857,ymjD
ECK120003258,ycjY
ECK120003259,pgrR
ECK120003260,mppA
ECK120003261,ynaI
ECK120003262,insH-4
ECK120003263,ynaJ
ECK120001222,uspE
ECK120000319,fnr
ECK120000661,ogt
ECK120002401,abgT
ECK120003264,abgB
ECK120003265,abgA
ECK120003266,abgR
ECK120002610,mcaS
ECK120003267,smrA
ECK120003268,dgcM
ECK120003269,zntB
ECK125095415,fnrS
ECK120002611,C0343
ECK120000204,dbpA
ECK120003270,ttcA
ECK120003271,intR
ECK120003272,xisR
ECK120001830,ydaC
ECK125165375,ralA
ECK120001829,ralR
ECK120001828,recT
ECK120000818,recE
ECK120000804,racC
ECK120002628,ydaE
ECK120002054,kilR
ECK120002053,sieB
ECK120016300,ydaF
ECK120003273,Phantom Gene
ECK120003274,ydaG
ECK120003275,racR
ECK120003276,ydaS
ECK120003277,ydaT
ECK120003278,ydaU
ECK120003279,ydaV
ECK120003280,ydaW
ECK120003281,rzpR
ECK120016301,rzoR
ECK120001009,trkG
ECK120003282,b1364
ECK120003283,ynaK
ECK120003284,ydaY
ECK120003285,Phantom Gene
ECK120003286,ynaA
ECK120003287,lomR_1
ECK120003288,insH-5
ECK120003289,lomR_2
ECK120003290,stfR
ECK120003291,tfaR
ECK120003292,pinR
ECK120003293,ynaE
ECK125240972,ttcC
ECK120003294,uspF
ECK120003295,ompN
ECK120002612,micC
ECK120003296,ydbK
ECK120016302,ydbJ
ECK120003297,hslJ
ECK120002700,ldhA
ECK120003298,ydbH
ECK120003299,ynbE
ECK120003300,ydbL
ECK120003301,feaR
ECK120004448,feaB
ECK120002427,tynA
ECK120003302,paaZ
ECK120003303,paaA
ECK120003304,paaB
ECK120003305,paaC
ECK120003306,paaD
ECK120003307,paaE
ECK120003308,paaF
ECK120003309,paaG
ECK120003310,paaH
ECK120003311,paaI
ECK120003312,paaJ
ECK120003313,paaK
ECK120003314,paaX
ECK120003315,paaY
ECK120048858,ynbG
ECK120003316,ydbA_1
ECK120003317,insD-2
ECK120023918,insCD-2
ECK120003318,insC-2
ECK120003319,insI-2
ECK120004455,ydbA_2
ECK120001280,pdxI
ECK120001281,ydbD
ECK120003320,ynbA
ECK120003321,ynbB
ECK120003322,ynbC
ECK120003323,ynbD
ECK120003324,azoR
ECK120003325,hrpA
ECK120002014,ydcF
ECK120000032,aldA
ECK120002008,gapC_2
ECK120004456,gapC_1
ECK120000167,cybB
ECK120030076,rydC
ECK120001198,ydcA
ECK120002662,hokB
ECK120003326,mokB
ECK120002663,sokB
ECK120001007,trg
ECK120003327,ydcI
ECK120003328,ydcJ
ECK120002405,opgD
ECK120003329,Phantom Gene
ECK120002408,ydcH
ECK120000844,rimL
ECK120003330,ydcK
ECK120001813,tehA
ECK120001814,tehB
ECK120003331,ydcL
ECK120026449,yncK_2
ECK120026448,yncK_1
ECK120003332,insQ
ECK120003333,ydcO
ECK120003334,sutR
ECK120003335,rlhA
ECK120003336,yncJ
ECK120003337,Phantom Gene
ECK120016303,hicA
ECK120003338,hicB
ECK120003339,ydcR
ECK120003340,ydcS
ECK120003341,ydcT
ECK120003342,ydcU
ECK120003343,ydcV
ECK120003344,patD
ECK120002598,yncL
ECK120003345,ortT
ECK120003346,ydcY
ECK120003347,ydcZ
ECK120003348,mnaT
ECK120003349,curA
ECK120003350,mcbR
ECK120003351,yncD
ECK120003352,yncE
ECK120003353,ansP
ECK120003354,yncG
ECK120003355,yncH
ECK120000008,rhsE
ECK120001696,ydcD
ECK120003356,yncI
ECK120003357,yncM
ECK120001480,ydcC
ECK120001697,pptA
ECK120003358,yddH
ECK120003359,nhoA
ECK120001757,yddE
ECK120000637,narV
ECK120000638,narW
ECK120000640,narY
ECK120000641,narZ
ECK120002052,narU
ECK120003360,yddJ
ECK120003361,yddK
ECK120003362,yddL
ECK120002370,yddG
ECK120001205,fdnG
ECK120001206,fdnH
ECK120001207,fdnI
ECK120002613,C0362
ECK120003363,yddM
ECK120003364,adhP
ECK120000937,maeA
ECK120001464,sra
ECK120003365,bdm
ECK120000673,osmC
ECK120003366,ddpF
ECK120003367,ddpD
ECK120003368,ddpC
ECK120003369,ddpB
ECK120003370,ddpA
ECK120003371,ddpX
ECK120003372,dosP
ECK120003373,dosC
ECK120003374,yddW
ECK120003375,gadC
ECK120001446,gadB
ECK120001683,pqqL
ECK120001682,yddB
ECK120001681,yddA
ECK120003376,ydeM
ECK120003377,ydeN
ECK120003378,ydeO
ECK120003379,safA
ECK120003380,ydeP
ECK120003381,ydeQ
ECK120003382,ydeR
ECK120003383,ydeS
ECK120003384,ydeT
ECK120003385,yneL
ECK120000436,hipA
ECK120000435,hipB
ECK120003386,ydeU
ECK120001714,ydeK
ECK120003387,lsrK
ECK120003388,lsrR
ECK120003389,lsrA
ECK120003390,lsrC
ECK120003391,lsrD
ECK120003392,lsrB
ECK120003393,lsrF
ECK120003394,lsrG
ECK120003395,tam
ECK120003396,yneE
ECK120001054,uxaB
ECK120003397,dgcF
ECK120003398,yneG
ECK120003399,glsB
ECK120003400,sad
ECK120003401,yneJ
ECK120003402,yneK
ECK120001583,ydeA
ECK120001584,marC
ECK120001399,marR
ECK120001398,marA
ECK120001547,marB
ECK120001585,eamA
ECK120001586,ydeE
ECK120002603,mgtS
ECK125095180,mgrR
ECK120001587,dgcZ
ECK120001588,ydeI
ECK120001589,ydeJ
ECK120000206,dcp
ECK120002220,ydfG
ECK120003403,ydfH
ECK120003404,ydfZ
ECK120003405,ydfI
ECK120003406,ydfJ
ECK120003407,ydfK
ECK120003408,pinQ
ECK120003409,tfaQ
ECK120003410,ydfN
ECK120001581,nohA
ECK120016304,ynfO
ECK120003411,ydfO
ECK120003412,gnsB
ECK120003413,ynfN
ECK125256970,ynfQ
ECK120003414,cspI
ECK120003415,rzpQ
ECK125240988,rzoQ
ECK120003416,rrrQ
ECK120003417,ydfR
ECK120003418,essQ
ECK120002091,cspB
ECK120002093,cspF
ECK120003419,ydfT
ECK120003420,ydfU
ECK120001113,rem
ECK120001114,hokD
ECK120001115,relE
ECK120000827,relB
ECK120003421,ydfV
ECK120003422,flxA
ECK120003423,ydfW
ECK120003424,ydfX
ECK120000222,dicC
ECK120000220,dicA
ECK120001273,ydfA
ECK120001274,ydfB
ECK120001275,ydfC
ECK120002557,dicF
ECK120000221,dicB
ECK120001276,ydfD
ECK120001277,ydfE
ECK120003425,insD-7
ECK120003426,intQ
ECK120026450,ynfP
ECK120003427,rspB
ECK120003428,rspA
ECK120003429,ynfA
ECK120003430,ynfB
ECK120003431,speG
ECK120003432,ynfC
ECK120003433,ynfD
ECK120003434,ynfE
ECK120003435,ynfF
ECK120003436,ynfG
ECK120003437,ynfH
ECK120003438,dmsD
ECK120003439,clcB
ECK120003440,ynfK
ECK120003441,mlc
ECK120003442,ynfL
ECK120003443,ynfM
ECK125135295,
ECK120003444,asr
ECK120030077,ydgU
ECK120003445,ydgD
ECK120003446,mdtI
ECK120003447,mdtJ
ECK120003448,tqsA
ECK120000736,pntB
ECK120000735,pntA
ECK120003449,ydgH
ECK120003450,ydgI
ECK120003451,folM
ECK120003452,ydgC
ECK120003453,rstA
ECK120001211,rstB
ECK120001027,tus
ECK120000351,fumC
ECK120000349,fumA
ECK120000559,manA
ECK120003454,ydgA
ECK120003455,uidC
ECK120001601,uidB
ECK120001044,uidA
ECK120003456,uidR
ECK120000418,hdhA
ECK120000550,malI
ECK120000556,malX
ECK120000557,malY
ECK120000027,add
ECK120003457,ydgJ
ECK120002650,blr
ECK120003458,cnu
ECK120003459,ydgK
ECK120003460,rsxA
ECK120003461,rsxB
ECK120003462,rsxC
ECK120003463,rsxD
ECK120003464,rsxG
ECK120003465,rsxE
ECK120000655,nth
ECK120003466,dtpA
ECK120003467,gstA
ECK120003468,pdxY
ECK120001032,tyrS
ECK120001443,pdxH
ECK120001444,mliC
ECK120003469,anmK
ECK120003470,slyB
ECK120003471,slyA
ECK120003472,ydhI
ECK120003473,ydhJ
ECK120003474,ydhK
ECK120003475,sodC
ECK120003476,ydhF
ECK120003477,ydhL
ECK120003478,nemR
ECK120003479,nemA
ECK120003480,gloA
ECK120001501,rnt
ECK120001502,lhr
ECK120002074,grxD
ECK120003481,mepH
ECK120000943,sodB
ECK120003482,ydhP
ECK120030078,ynhF
ECK120000791,purR
ECK120002041,ydhB
ECK120002042,ydhC
ECK120001485,cfa
ECK120001372,ribC
ECK120002262,mdtK
ECK120003483,ydhQ
ECK120002553,valV
ECK120002554,valW
ECK120003484,ydhR
ECK120003485,ydhS
ECK120003486,ydhT
ECK120003487,ydhU
ECK120003488,ydhX
ECK120003489,ydhW
ECK120003490,ydhV
ECK120003491,ydhY
ECK120003492,fumD
ECK120000795,pykF
ECK120000537,lpp
ECK120003493,ldtE
ECK120003494,sufE
ECK120003495,sufS
ECK120003496,sufD
ECK120003497,sufC
ECK120003498,sufB
ECK120001346,sufA
ECK120002588,rydB
ECK120003499,ydiH
ECK120003500,menI
ECK120003501,ydiJ
ECK120003502,ydiK
ECK120002576,rprA
ECK120003503,ydiL
ECK120003504,ydiM
ECK120003505,ydiN
ECK120001212,ydiB
ECK120000072,aroD
ECK120002287,ydiF
ECK120003506,ydiO
ECK120003507,ydiP
ECK120003508,ydiQ
ECK120003509,ydiR
ECK120003510,ydiS
ECK120003511,ydiT
ECK120002225,fadK
ECK120000750,ppsA
ECK120001116,ppsR
ECK120000076,aroH
ECK120002254,ydiE
ECK120003512,ydiU
ECK120003513,ydiV
ECK120001117,nlpC
ECK120000124,btuD
ECK120000125,btuE
ECK120000123,btuC
ECK120000433,ihfA
ECK120000702,pheT
ECK120000701,pheS
ECK120001246,pheM
ECK120000872,rplT
ECK120001209,rpmI
ECK120000499,infC
ECK120000990,thrS
ECK120003514,arpB_1
ECK120003515,arpB_2
ECK120016305,yniD
ECK120003516,ydiY
ECK120000692,pfkB
ECK120003517,ydiZ
ECK120003518,yniA
ECK120003519,yniB
ECK120003520,hxpB
ECK120003521,ydjM
ECK120003522,tcyP
ECK120003523,ydjO
ECK120003524,cedA
ECK120000502,katE
ECK120002087,chbG
ECK120000140,chbF
ECK120000139,chbR
ECK120000138,chbA
ECK120000137,chbC
ECK120000136,chbB
ECK120000040,osmE
ECK120000656,nadE
ECK125121999,spy3'
ECK120003525,cho
ECK120003526,ves
ECK120003527,spy
ECK120003528,astE
ECK120003529,astB
ECK120003530,astD
ECK120003531,astA
ECK120003532,astC
ECK120001062,xthA
ECK120003533,ydjX
ECK120003534,ydjY
ECK120003535,ydjZ
ECK120003536,ynjA
ECK120003537,ynjB
ECK120003538,ynjC
ECK120003539,ynjD
ECK120003540,ynjE
ECK120003541,ynjF
ECK120003542,nudG
ECK120003543,ynjH
ECK120000365,gdhA
ECK120003544,ynjI
ECK120001003,topB
ECK120000932,selD
ECK120001118,ydjA
ECK120000957,sppA
ECK120000041,ansA
ECK120001119,pncA
ECK120002237,ydjE
ECK120003545,ydjF
ECK120003546,ydjG
ECK120003547,ydjH
ECK120003548,ydjI
ECK120003549,ydjJ
ECK120003550,ydjK
ECK120003551,ydjL
ECK120003552,yeaC
ECK120002257,msrB
ECK120000360,gapA
ECK120003553,yeaD
ECK120003554,yeaE
ECK120003555,mipA
ECK120003556,yeaG
ECK120003557,yeaH
ECK120003558,cdgI
ECK120003559,dgcJ
ECK120003560,yeaK
ECK120003561,yoaI
ECK120003562,yeaL
ECK120003563,nimR
ECK120003564,nimT
ECK120003565,yeaO
ECK120003566,yoaF
ECK120003567,dgcP
ECK120048861,yoaK
ECK120048860,yoaJ
ECK120003568,yeaQ
ECK120003569,yoaG
ECK120003570,yeaR
ECK120003571,leuE
ECK120003572,dmlR
ECK120003573,dmlA
ECK120003574,yeaV
ECK120003575,yeaW
ECK120003576,yeaX
ECK120000849,rnd
ECK120002644,sroD
ECK120001484,fadD
ECK120003577,yeaY
ECK120003578,tsaB
ECK120003579,yoaA
ECK120003580,yoaB
ECK120003581,yoaC
ECK120003582,yoaH
ECK120000676,pabB
ECK120002358,nudL
ECK120000919,sdaA
ECK120003583,pdeD
ECK120003584,yoaE
ECK120000560,manX
ECK120000561,manY
ECK120000562,manZ
ECK120003585,yobD
ECK120003586,mntP
ECK120002094,rlmA
ECK120002092,cspC
ECK120003587,yobF
ECK120003588,yebO
ECK120003589,mgrB
ECK120016306,yobH
ECK120003590,kdgR
ECK120003591,yebQ
ECK120000455,htpX
ECK120000751,prc
ECK120002409,proQ
ECK120003592,msrC
ECK120003593,yebS
ECK120003594,yebT
ECK120003595,rsmF
ECK120003596,yebV
ECK120003597,yebW
ECK120003598,pphA
ECK120002577,ryeA
ECK120002594,sdsR
ECK120003599,yebY
ECK120003600,yebZ
ECK120003601,yobA
ECK120001461,holE
ECK120003602,yobB
ECK120003603,exoX
ECK120000993,ptrB
ECK120001740,yebE
ECK120001741,yebF
ECK120001742,yebG
ECK120001743,purT
ECK120000250,eda
ECK120000251,edd
ECK120001199,zwf
ECK120002406,yebK
ECK120000794,pykA
ECK120000607,lpxM
ECK120000011,mepM
ECK120003604,znuA
ECK120003605,znuC
ECK120002236,znuB
ECK120004476,ruvB
ECK120004475,ruvA
ECK120048856,yobI
ECK120001120,yebB
ECK120000914,ruvC
ECK120001121,yebC
ECK120001122,nudB
ECK120000093,aspS
ECK120002245,yecD
ECK120002246,yecE
ECK120003606,yecN
ECK120003607,cmoA
ECK120003608,cmoB
ECK120003609,torZ
ECK120003610,torY
ECK125165376,micL
ECK120003611,cutC
ECK120003612,yecM
ECK120000067,argS
ECK120003613,yecT
ECK120003614,flhE
ECK120002690,flhA
ECK120003615,flhB
ECK120000147,cheZ
ECK120000146,cheY
ECK120000143,cheB
ECK120000144,cheR
ECK120000976,tap
ECK120000977,tar
ECK120002614,C0465
ECK120000145,cheW
ECK120000142,cheA
ECK120000142,cheA
ECK120000595,motB
ECK120000594,motA
ECK120000313,flhC
ECK120000314,flhD
ECK120023915,insAB-5
ECK120003616,insB-5
ECK120003617,insA-5
ECK120003618,uspC
ECK120001689,otsA
ECK120001690,otsB
ECK120000055,araH
ECK120000054,araG
ECK120000053,araF
ECK120003619,ftnB
ECK120003620,Phantom Gene
ECK120016307,yecJ
ECK120002615,isrB
ECK120048865,azuC
ECK120003621,yecR
ECK120000912,ftnA
ECK120003622,yecH
ECK120001030,tyrP
ECK120001123,yecA
ECK125229289,3'ETS<sup><i>leuZ</i></sup>
ECK120002496,leuZ
ECK120004450,cysT
ECK120002481,glyW
ECK120000698,pgsA
ECK120001052,uvrC
ECK120001124,uvrY
ECK125272700,yecC3'
ECK120002407,yecF
ECK120000924,sdiA
ECK125135297,sdsN
ECK120002221,tcyN
ECK120003623,tcyL
ECK120003624,dcyD
ECK120003625,tcyJ
ECK120001325,fliZ
ECK120001324,fliA
ECK120000315,fliC
ECK120000832,fliD
ECK120001355,fliS
ECK120001356,fliT
ECK120001354,amyA
ECK120001602,yedD
ECK120001603,yedE
ECK120001604,yedF
ECK120001605,yedK
ECK120003626,yedL
ECK120003627,yedN_3
ECK120003628,yedN_2
ECK120003629,yedM
ECK120003630,intG
ECK120001317,fliE
ECK120001318,fliF
ECK120001598,fliG
ECK120001599,fliH
ECK120002692,fliI
ECK120002693,fliJ
ECK120002694,fliK
ECK120000316,fliL
ECK120000317,fliM
ECK120000318,fliN
ECK120001202,fliO
ECK120001900,fliP
ECK120001901,fliQ
ECK120001902,fliR
ECK120000811,rcsA
ECK120003631,dsrB
ECK120003632,yodD
ECK120003633,dsrA
ECK120003634,yedP
ECK120003635,dgcQ
ECK120003636,yodC
ECK120002367,yedI
ECK120001125,yedA
ECK120001057,vsr
ECK120000205,dcm
ECK120002368,yedJ
ECK120003637,yedR
ECK120029424,rseX
ECK120003638,yedS_1
ECK120003639,yedS_2
ECK120003640,yedS_3
ECK120003641,hchA
ECK120003642,hprS
ECK120003643,hprR
ECK120003644,yedX
ECK120003645,msrP
ECK120003646,msrQ
ECK120003647,zinT
ECK120003648,yodB
ECK120002536,serU
ECK120003649,mtfA
ECK120002463,asnT
ECK120003650,yeeJ
ECK120003651,yeeL_2
ECK120003652,yeeL_1
ECK120003653,shiA
ECK120000035,amn
ECK120003654,yeeN
ECK120003655,asnW
ECK120003656,yeeO
ECK120002464,asnU
ECK120003657,cbl
ECK120003658,nac
ECK120002465,asnV
ECK120003659,ldtA
ECK120002050,cobT
ECK120002049,cobS
ECK120002434,cobU
ECK125240971,yeeH
ECK120003660,insH-6
ECK125240970,yoeG
ECK125240969,yoeH
ECK120003661,yoeA_1
ECK120003662,insD-3
ECK120023919,insCD-3
ECK120003663,insC-3
ECK120003664,yoeA_2
ECK120003665,yeeP
ECK120002616,isrC
ECK120003666,flu
ECK120003667,yeeR
ECK120003668,yeeS
ECK120003669,yeeT
ECK120003670,cbeA
ECK120003671,cbtA
ECK120003672,yeeW
ECK125240968,yoeD
ECK120016308,yoeF
ECK120003673,yeeX
ECK120001821,yeeA
ECK120001822,sbmC
ECK120001823,dacD
ECK120000915,sbcB
ECK120001824,yeeD
ECK120001825,yeeE
ECK120001826,plaP
ECK120048855,yoeI
ECK120003674,yeeY
ECK120003675,yeeZ
ECK120002629,yoeB
ECK120002397,yefM
ECK120001243,hisL
ECK120000442,hisG
ECK120000440,hisD
ECK120000439,hisC
ECK120000438,hisB
ECK120000443,hisH
ECK120000437,hisA
ECK120000441,hisF
ECK120000444,hisI
ECK120003676,wzzB
ECK120003677,ugd
ECK120000404,gnd
ECK125256965,gndA
ECK120026451,wbbL_2
ECK120003678,insH-7
ECK120001911,wbbL_1
ECK120001910,wbbK
ECK120001909,wbbJ
ECK120001908,wbbI
ECK120001907,wbbH
ECK120001906,glf
ECK120001905,rfbX
ECK120001904,rfbC
ECK120001903,rfbA
ECK120002272,rfbD
ECK120002273,rfbB
ECK120003679,galF
ECK120003680,wcaM
ECK120003681,wcaL
ECK120003682,wcaK
ECK120003683,wzxC
ECK120003684,wcaJ
ECK120000158,cpsG
ECK120000157,cpsB
ECK120001724,wcaI
ECK120001723,gmm
ECK120001722,fcl
ECK120001721,gmd
ECK120003685,wcaF
ECK120003686,wcaE
ECK120003687,wcaD
ECK120003688,wcaC
ECK120003689,wcaB
ECK120003690,wcaA
ECK120003691,wzc
ECK120003692,wzb
ECK120003693,wza
ECK120003694,yegH
ECK120001330,asmA
ECK120001383,dcd
ECK120001644,udk
ECK120002259,dgcE
ECK120001200,alkA
ECK120002088,yegD
ECK120003695,yegI
ECK120003696,yegJ
ECK120003697,yegK
ECK120003698,yegL
ECK120002595,sibA
ECK120035075,ibsA
ECK120002596,sibB
ECK120035074,ibsB
ECK120003699,mdtA
ECK120003700,mdtB
ECK120003701,mdtC
ECK120002037,mdtD
ECK120001565,baeS
ECK120001566,baeR
ECK120003702,yegP
ECK120003703,yegQ
ECK120002589,cyaR
ECK120003704,ogrK
ECK120003705,yegZ
ECK120003706,Phantom Gene
ECK120003707,yegR
ECK120003708,yegS
ECK120004457,gatR_1
ECK120023907,insEF-5
ECK120003709,insE-5
ECK120003710,insF-5
ECK120002058,gatR_2
ECK120002277,gatD
ECK120002276,gatC
ECK120002275,gatB
ECK120002274,gatA
ECK120003711,gatZ
ECK120002278,gatY
ECK120003712,fbaB
ECK120003713,yegT
ECK120003714,yegU
ECK120003715,yegV
ECK120003716,yegW
ECK120003717,yegX
ECK120003718,thiD
ECK120004467,thiM
ECK120003719,rcnR
ECK120003720,rcnA
ECK120003721,rcnB
ECK120001912,yehA
ECK120001913,yehB
ECK120001914,yehC
ECK120001915,yehD
ECK120001916,yehE
ECK120000604,mrp
ECK120000579,metG
ECK120001917,molR_1
ECK120004458,molR_2
ECK120004459,molR_3
ECK120001918,yehI
ECK120016310,yehK
ECK120001919,yehL
ECK120001920,yehM
ECK120001921,yehP
ECK120001922,yehQ
ECK120001923,yehR
ECK120001924,yehS
ECK120001925,btsR
ECK120001926,btsS
ECK120001927,mlrA
ECK120016311,yohO
ECK120001928,yehW
ECK120001929,yehX
ECK120001930,yehY
ECK120001931,osmF
ECK120001932,bglX
ECK120000225,dld
ECK120001933,pbpG
ECK120001934,yohC
ECK120001935,yohD
ECK120001936,yohF
ECK120001937,mdtQ
ECK120001938,yohH
ECK120048864,yohP
ECK120001939,dusC
ECK120001940,yohJ
ECK120001941,yohK
ECK120000133,cdd
ECK120001942,sanA
ECK120003722,yeiS
ECK120003723,preT
ECK120001262,preA
ECK120000587,mglC
ECK120000585,mglA
ECK120000586,mglB
ECK120000358,galS
ECK120001263,yeiB
ECK120001343,folE
ECK120001943,yeiG
ECK120000151,cirA
ECK120001308,lysP
ECK120002010,yeiE
ECK120001944,yeiH
ECK120000644,nfo
ECK120001945,yeiI
ECK120001946,nupX
ECK120001947,rihB
ECK120001948,yeiL
ECK120001949,psuT
ECK120001950,psuG
ECK120001590,psuK
ECK120000330,fruA
ECK120000331,fruK
ECK120004449,fruB
ECK120001951,setB
ECK120016921,yeiW
ECK120001952,yeiP
ECK120001953,yeiQ
ECK120002009,yeiR
ECK120003724,lpxT
ECK120003725,mepS
ECK120003726,pdeN
ECK120001954,yejA
ECK120001955,yejB
ECK120001956,yejE
ECK125272702,yejG5'
ECK120001957,yejF
ECK120001958,yejG
ECK125135299,
ECK120001384,bcr
ECK120001960,rsuA
ECK120001961,radD
ECK120000876,rplY
ECK120001962,yejK
ECK120001959,yejL
ECK120001963,yejM
ECK120002509,proL
ECK120001964,yejO
ECK120003727,b2191
ECK120003728,insH-8
ECK120001481,narP
ECK120001965,ccmH
ECK120001966,ccmG
ECK120001967,ccmF
ECK120001968,ccmE
ECK120002065,ccmD
ECK120001969,ccmC
ECK120001970,ccmB
ECK120001971,ccmA
ECK120001972,napC
ECK120001973,napB
ECK120001974,napH
ECK120001975,napG
ECK120001976,napA
ECK120002044,napD
ECK120001977,napF
ECK120030079,yojO
ECK120000249,eco
ECK120001978,mqo
ECK120001979,yojI
ECK120000034,alkB
ECK120000026,ada
ECK120001980,ftp
ECK120000663,ompC
ECK120002505,micF
ECK120002250,rcsD
ECK120000812,rcsB
ECK120000813,rcsC
ECK120001610,atoS
ECK120001611,atoC
ECK120001612,atoD
ECK120001613,atoA
ECK120001614,atoE
ECK120001615,atoB
ECK120003729,yfaP
ECK120003730,yfaQ
ECK120003731,yfaS_2
ECK120003732,yfaS_1
ECK120003733,yfaT
ECK120001126,yfaA
ECK120000416,gyrA
ECK120001127,ubiG
ECK120002399,yfaL
ECK120030080,ypaB
ECK120000653,nrdA
ECK120000654,nrdB
ECK120002228,yfaE
ECK120001386,inaA
ECK120002420,yfaH
ECK120000392,glpQ
ECK120000394,glpT
ECK120000384,glpA
ECK120000385,glpB
ECK120000386,glpC
ECK120002199,rpnE
ECK120026452,ypaA
ECK120003734,yfaU
ECK120003735,yfaV
ECK120003736,rhmD
ECK120003737,yfaX
ECK120003738,yfaY
ECK120003739,yfaZ
ECK120003740,nudI
ECK120003741,ais
ECK120003742,arnB
ECK120003743,arnC
ECK120003744,arnA
ECK120003745,arnD
ECK120003746,arnT
ECK120016312,arnE
ECK120003747,arnF
ECK120003748,pmrD
ECK120002291,menE
ECK120001486,menC
ECK120001336,menB
ECK120002292,menH
ECK120000572,menD
ECK120002230,menF
ECK120003749,elaB
ECK120003750,elaA
ECK120003751,rbn
ECK120003752,elaD
ECK120003753,yfbK
ECK120003754,yfbL
ECK120003755,yfbM
ECK120003756,yfbN
ECK120003757,yfbO
ECK120003758,yfbP
ECK120001998,nuoN
ECK120001707,nuoM
ECK120001997,nuoL
ECK120001996,nuoK
ECK120001995,nuoJ
ECK120001994,nuoI
ECK120001993,nuoH
ECK120001992,nuoG
ECK120001708,nuoF
ECK120001991,nuoE
ECK120001990,nuoC
ECK120001989,nuoB
ECK120001988,nuoA
ECK120002026,lrhA
ECK120003759,alaA
ECK120003760,yfbR
ECK120003761,yfbS
ECK120003762,hxpA
ECK120003763,yfbU
ECK120003764,yfbV
ECK120000024,ackA
ECK120002445,pta
ECK120003765,yfcC
ECK120003766,yfcD
ECK120003767,yfcE
ECK120003768,yfcF
ECK120003769,yfcG
ECK120003770,folX
ECK120003771,yfcH
ECK120003772,rpnB
ECK120000445,hisP
ECK120000006,hisM
ECK120002028,hisQ
ECK120002027,hisJ
ECK120000068,argT
ECK120001033,ubiX
ECK120000785,purF
ECK120000165,cvpA
ECK120000212,dedD
ECK120000321,folC
ECK120000211,accD
ECK120000210,dedA
ECK120000447,truA
ECK120001048,usg
ECK120002648,pdxB
ECK120000223,flk
ECK120003773,yfcJ
ECK120000268,fabB
ECK120003774,mnmC
ECK120003775,yfcL
ECK120003776,epmC
ECK120001128,yfcA
ECK120000573,mepA
ECK120000071,aroC
ECK120002301,prmB
ECK120003777,smrB
ECK120003778,yfcO
ECK120003779,yfcP
ECK120003780,yfcQ
ECK120003781,yfcR
ECK120003782,yfcS
ECK120003783,yfcU_2
ECK120003784,yfcU_1
ECK120003785,yfcV
ECK120003786,sixA
ECK120003787,fadJ
ECK120003788,fadI
ECK120003789,yfcZ
ECK120000274,fadL
ECK120003790,yfdF
ECK120003791,mlaA
ECK120003792,yfdC
ECK120002459,argW
ECK120003793,intS
ECK120003794,yfdG
ECK120003795,yfdH
ECK120003796,yfdI
ECK125229288,ryeG
ECK120003797,tfaS
ECK120003798,yfdK
ECK120003799,yfdL
ECK120003800,yfdM
ECK120003801,yfdN
ECK120003802,yfdO
ECK120003803,yfdP
ECK120003804,yfdQ
ECK120003805,yfdR
ECK120003806,yfdS
ECK120003807,yfdT
ECK120016313,ypdJ
ECK120002665,torI
ECK125240967,pawZ
ECK120002429,dsdC
ECK120000244,dsdX
ECK120000243,dsdA
ECK120002436,emrY
ECK120003808,emrK
ECK120001557,evgA
ECK120001558,evgS
ECK120003809,yfdE
ECK120003810,yfdV
ECK120003811,oxc
ECK120003812,frc
ECK120003813,yfdX
ECK120003814,ypdI
ECK120003815,yfdY
ECK120003816,lpxP
ECK120002617,tpke70
ECK120048859,ypdK
ECK120003817,alaC
ECK120003818,ypdA
ECK120003819,ypdB
ECK120003820,ypdC
ECK120003821,fryA
ECK120003822,ypdE
ECK120003823,ypdF
ECK120003824,fryC
ECK120003825,fryB
ECK120002426,glk
ECK120003826,yfeO
ECK120003827,ypeC
ECK120003828,mntH
ECK120001896,nupC
ECK120003829,insL-3
ECK120001129,pdeA
ECK120002455,alaX
ECK120002454,alaW
ECK120001395,yfeC
ECK120001396,yfeD
ECK120000400,gltX
ECK120002552,valU
ECK120002555,valX
ECK120002556,valY
ECK120002498,lysV
ECK120001130,xapR
ECK120002428,xapB
ECK120004462,xapA
ECK120003830,yfeN
ECK120003831,yfeR
ECK120002244,yfeH
ECK120016314,ypeB
ECK120000527,ligA
ECK125121989,zipA5'
ECK120003832,zipA
ECK120000003,cysZ
ECK120000187,cysK
ECK120000779,ptsH
ECK120000780,ptsI
ECK120000161,crr
ECK120003833,pdxK
ECK120003834,yfeK
ECK120003835,yfeS
ECK120000188,cysM
ECK120000178,cysA
ECK120000193,cysW
ECK120000192,cysU
ECK120000190,cysP
ECK120002035,ucpA
ECK120003836,murR
ECK120003837,murQ
ECK120003838,murP
ECK120003839,yfeW
ECK120003840,yfeX
ECK120003841,yfeY
ECK120003842,yfeZ
ECK120003843,ypeA
ECK120001755,amiA
ECK120002078,hemF
ECK120002079,eutR
ECK120003844,eutK
ECK120003845,eutL
ECK120002566,eutC
ECK120002565,eutB
ECK120003846,intZ
ECK120003847,yffL
ECK120003848,yffM
ECK120003849,yffN
ECK120003850,yffO
ECK120003851,yffP
ECK120003852,yffQ
ECK120003853,yffR
ECK120003854,yffS
ECK120003855,eutA
ECK120003856,eutH
ECK120003857,eutG
ECK120003858,eutJ
ECK120003859,eutE
ECK120003860,eutN
ECK120003861,eutM
ECK120003862,eutD
ECK120003863,eutT
ECK120003864,eutQ
ECK120003865,eutP
ECK120003866,eutS
ECK120003867,maeB
ECK120001731,talA
ECK120002005,tktB
ECK120003868,ypfG
ECK120002271,nudK
ECK120002270,aegA
ECK120001423,narQ
ECK120000012,acrD
ECK120002599,ypfM
ECK120001131,yffB
ECK120000202,dapE
ECK120016315,ypfN
ECK120003869,ypfH
ECK120003870,tmcA
ECK120003871,ypfJ
ECK120000782,purC
ECK120000651,bamC
ECK120000199,dapA
ECK120001132,gcvR
ECK120000104,bcp
ECK120001133,hyfA
ECK120001255,hyfB
ECK120003872,hyfC
ECK120003873,hyfD
ECK120003874,hyfE
ECK120003875,hyfF
ECK120003876,hyfG
ECK120003877,hyfH
ECK120003878,hyfI
ECK120003879,hyfJ
ECK120003880,hyfR
ECK120003881,focB
ECK120003882,yfgO
ECK120003883,bepA
ECK120003884,yfgD
ECK120003885,hda
ECK120002031,uraA
ECK120001303,upp
ECK120000789,purM
ECK120000790,purN
ECK120001466,ppk
ECK120001369,ppx
ECK120003886,pdeF
ECK120003887,yfgG
ECK120003888,yfgH
ECK120003889,yfgI
ECK120000413,guaA
ECK120000414,guaB
ECK120001061,xseA
ECK120003890,yfgJ
ECK120003891,der
ECK120003892,bamB
ECK120003893,yfgM
ECK120000446,hisS
ECK120002645,sroE
ECK120000363,ispG
ECK120000013,rodZ
ECK120002263,rlmN
ECK120000643,ndk
ECK120003894,pbpC
ECK120003895,yfhM
ECK125121983,IS129
ECK120001548,mstA
ECK120002618,C0614
ECK120002619,IS128
ECK120002590,ryfA
ECK120001549,sseB
ECK120002187,pepB
ECK120002188,iscX
ECK120001299,fdx
ECK120002032,hscA
ECK120002033,hscB
ECK120002034,iscA
ECK120003896,iscU
ECK120003897,iscS
ECK120003898,iscR
ECK120003899,trmJ
ECK120000972,suhB
ECK120003900,yfhR
ECK120003901,csiE
ECK120003902,hcaT
ECK125140822,iroK
ECK120003903,hcaR
ECK120004468,hcaE
ECK120004474,hcaF
ECK120003904,hcaC
ECK120003905,hcaB
ECK120003906,hcaD
ECK120003907,yphA
ECK120003908,yphB
ECK120003909,yphC
ECK120003910,yphD
ECK120003911,yphE
ECK120003912,yphF
ECK120003913,yphG
ECK120003914,yphH
ECK120000401,glyA
ECK120000449,hmp
ECK120000377,glnB
ECK120001258,glrR
ECK120002040,qseG
ECK120003915,glrK
ECK120002620,glmY
ECK120000788,purL
ECK120001341,mltF
ECK120001340,tadA
ECK120001339,pgpC
ECK120002185,yfhH
ECK120003916,yfhL
ECK120030081,ryfB
ECK120035076,shoB
ECK120030082,ohsC
ECK120000241,acpS
ECK120000685,pdxJ
ECK120000823,recO
ECK120000264,era
ECK120000848,rnc
ECK120000523,lepB
ECK120000522,lepA
ECK120003917,rseC
ECK120003918,rseB
ECK120002216,rseA
ECK120001827,rpoE
ECK125256960,rseD
ECK120000624,nadB
ECK120001492,yfiC
ECK120000964,srmB
ECK120001719,yfiE
ECK120002298,eamB
ECK120001718,grcA
ECK120001047,ung
ECK120001720,yfiF
ECK120001817,trxC
ECK120003919,yfiP
ECK120003920,patZ
ECK120000772,pssA
ECK120002404,yfiM
ECK120000515,kgtP
ECK120002517,rrfG
ECK120002524,rrlG
ECK120002477,gltW
ECK120002531,rrsG
ECK120000153,clpB
ECK120030083,ryfD
ECK120002002,pgeF
ECK120002003,rluD
ECK120003921,bamD
ECK120003922,Phantom Gene
ECK120001134,raiA
ECK120001245,pheL
ECK120000699,pheA
ECK120001028,tyrA
ECK120000074,aroF
ECK120002299,yfiL
ECK120003923,yfiR
ECK120002419,dgcN
ECK120001135,yfiB
ECK120000871,rplS
ECK125121987,rpsP5'
ECK120001012,trmD
ECK120001136,rimM
ECK120000906,rpsP
ECK120000294,ffh
ECK120003924,ypjD
ECK120002295,yfjD
ECK120000409,grpE
ECK120002081,nadK
ECK120000822,recN
ECK120000941,bamE
ECK120003925,yfjF
ECK120003926,ratA
ECK120001716,smpB
ECK120002542,ssrA
ECK120001717,intA
ECK120003927,yfjH
ECK120002016,alpA
ECK120003928,yfjI
ECK120003929,yfjJ
ECK120003930,abpB
ECK120003931,abpA
ECK120003932,yfjM
ECK120003933,rnlA
ECK120003934,rnlB
ECK120003935,yfjP
ECK120003936,yfjQ
ECK120003937,yfjR
ECK120003938,ypjK
ECK120003939,yfjS
ECK120003940,yfjT
ECK120003941,yfjU
ECK120003942,ypjM_3
ECK120003943,ypjM_2
ECK120003944,ypjM_1
ECK120003945,yfjW
ECK125240966,ypjI
ECK120003946,yfjX
ECK120003947,yfjY
ECK120016316,ypjJ
ECK120003948,yfjZ
ECK120003949,ypjF
ECK125240973,psaA
ECK120003950,ypjA
ECK120003951,pinH
ECK120003952,ypjB
ECK120003953,ypjC
ECK120003954,b2651
ECK120003955,ileY
ECK120003956,Phantom Gene
ECK120003957,ygaQ
ECK120003961,csiD
ECK120002252,lhgO
ECK120001300,gabD
ECK120000354,gabT
ECK120001301,gabP
ECK120002251,csiR
ECK120003962,kbp
ECK120003963,yqaE
ECK120003964,ygaV
ECK120003965,ygaP
ECK120001507,stpA
ECK120003966,alaE
ECK120002089,ygaC
ECK120003967,ygaM
ECK120003968,nrdH
ECK120003969,nrdI
ECK120002450,nrdE
ECK120002248,nrdF
ECK120000762,proV
ECK120000763,proW
ECK120000764,proX
ECK120003970,ygaY_1
ECK120003971,ygaY_2
ECK120003972,ygaZ
ECK120003973,ygaH
ECK120000596,mprA
ECK120001323,emrA
ECK120001403,emrB
ECK120002369,luxS
ECK120002578,micA
ECK120000411,gshA
ECK120003974,yqaA
ECK120003975,yqaB
ECK120002456,argQ
ECK120002462,argZ
ECK120002461,argY
ECK120002458,argV
ECK120002537,serV
ECK120001410,csrA
ECK120000031,alaS
ECK120001986,recX
ECK120000814,recA
ECK120003976,pncC
ECK120003977,mltB
ECK120004460,srlA
ECK120000958,srlE
ECK120000959,srlB
ECK120000960,srlD
ECK120000961,gutM
ECK120000963,srlR
ECK120000962,gutQ
ECK120002013,norR
ECK120003978,norV
ECK120002302,norW
ECK120002621,C0664
ECK120001504,hypF
ECK120001505,hydN
ECK120000083,ascG
ECK120000082,ascF
ECK120000081,ascB
ECK120003979,hycI
ECK120000474,hycH
ECK120000473,hycG
ECK120000472,hycF
ECK120000471,hycE
ECK120000470,hycD
ECK120000469,hycC
ECK120000468,hycB
ECK120000467,hycA
ECK120000476,hypA
ECK120000477,hypB
ECK120000478,hypC
ECK120000479,hypD
ECK120000480,hypE
ECK120000295,fhlA
ECK120001260,ygbA
ECK120000618,mutS
ECK120003980,pphB
ECK120003981,ygbI
ECK120003982,ygbJ
ECK120003983,ygbK
ECK120003984,ygbL
ECK120003985,ygbM
ECK120003986,ygbN
ECK120000503,rpoS
ECK120002015,nlpD
ECK120000682,pcm
ECK120001750,umpG
ECK120003987,truD
ECK120001749,ispF
ECK120003988,ispD
ECK120003989,ftsB
ECK120002365,ygbE
ECK120000180,cysC
ECK120000189,cysN
ECK120000181,cysD
ECK120000481,iap
ECK120002398,cas2
ECK120003990,cas1
ECK120003991,casE
ECK120003992,casD
ECK120003993,casC
ECK120003994,casB
ECK120003995,casA
ECK120002345,cas3
ECK125135289,sokX
ECK120000184,cysH
ECK120000185,cysI
ECK120000186,cysJ
ECK120003996,queD
ECK120003997,ygcN
ECK120003998,ygcO
ECK120003999,ygcP
ECK120004000,ygcQ
ECK120004001,ygcR
ECK120004002,ygcS
ECK120004003,ygcU
ECK120004004,ygcW
ECK120002430,yqcE
ECK120004005,ygcE
ECK120004006,queE
ECK120048867,yqcG
ECK120004007,ygcG
ECK120000252,eno
ECK120000801,pyrG
ECK120000565,mazG
ECK120001224,mazF
ECK120000564,mazE
ECK120000826,relA
ECK120001223,rlmD
ECK120001335,barA
ECK120004008,gudD
ECK120004009,gudX
ECK120004010,gudP
ECK120004011,yqcA
ECK120004012,truC
ECK120004013,yqcC
ECK120002573,csrB
ECK120004014,syd
ECK120004015,queF
ECK120002241,ppnN
ECK120002043,sdaC
ECK120001571,sdaB
ECK120002240,ygdG
ECK120000345,fucO
ECK120000342,fucA
ECK120000346,fucP
ECK120000343,fucI
ECK120000344,fucK
ECK120000348,fucU
ECK120000347,fucR
ECK120001728,rlmM
ECK120001727,ygdD
ECK120001729,gcvA
ECK120002579,gcvB
ECK120004016,ygdI
ECK120004017,csdA
ECK120004018,csdE
ECK120004019,tcdA
ECK120004020,mltA
ECK120002504,metZ
ECK120002559,metW
ECK120002502,metV
ECK120004021,amiC
ECK120000059,argA
ECK120000817,recD
ECK120000815,recB
ECK120000777,ptrA
ECK120000816,recC
ECK120001137,ppdC
ECK120001138,ygdB
ECK120001139,ppdB
ECK120001987,ppdA
ECK120000991,thyA
ECK120002030,lgt
ECK120002077,ptsP
ECK120004022,rppH
ECK120030084,ygdT
ECK120000617,mutH
ECK120004023,ygdQ
ECK120004024,ygdR
ECK120004025,tas
ECK120002304,lplT
ECK120001622,aas
ECK120002580,omrA
ECK120002593,omrB
ECK120000357,galR
ECK120000542,lysA
ECK120000544,lysR
ECK120001140,ygeA
ECK120000052,araE
ECK120002229,kduD
ECK120004026,kduI
ECK120004027,yqeF
ECK120004028,yqeG
ECK120004029,yqeH
ECK120004030,yqeI
ECK120004031,yqeJ
ECK120048862,yqeL
ECK120004032,yqeK
ECK120004033,ygeF
ECK120004034,ygeG
ECK120004035,ygeH
ECK120004036,ygeI
ECK120004037,pbl
ECK120004038,ygeK
ECK120004039,ygeL
ECK120004040,ygeM
ECK120004041,ygeN
ECK120004042,ygeO
ECK120004043,insD-4
ECK120023920,insCD-4
ECK120004044,insC-4
ECK120004045,ygeP
ECK120004046,ygeQ
ECK120002479,glyU
ECK120004047,ygeR
ECK120004048,xdhA
ECK120004049,xdhB
ECK120004050,xdhC
ECK120004051,ygeV
ECK120004052,ygeW
ECK120004053,ygeX
ECK120004054,ygeY
ECK120004055,hyuA
ECK120004056,yqeA
ECK120004057,yqeB
ECK120004058,yqeC
ECK120004059,mocA
ECK120004060,ygfK
ECK120004061,ssnA
ECK120004062,ygfM
ECK120004063,xdhD
ECK120004064,xanQ
ECK120004065,guaD
ECK120004066,ghxQ
ECK120004067,ygfS
ECK120004068,ygfT
ECK120004069,uacT
ECK120048868,yqfG
ECK120004070,idi
ECK120000545,lysS
ECK120000753,prfB
ECK120000821,recJ
ECK120001059,dsbC
ECK120001060,xerD
ECK120002360,fldB
ECK120004071,ygfX
ECK120004072,sdhE
ECK120004073,ygfZ
ECK120004074,yqfA
ECK120004075,yqfB
ECK120002697,bglA
ECK120004076,ygfF
ECK120001744,gcvP
ECK120000364,gcvH
ECK120001406,gcvT
ECK120001304,ubiI
ECK120001295,ubiH
ECK120000689,pepP
ECK120001294,ygfB
ECK120002417,zapA
ECK120002541,ssrS
ECK120001141,fau
ECK120002597,sibC
ECK120035073,ibsC
ECK120000933,serA
ECK120001407,rpiA
ECK120004077,yqfE
ECK120000483,argP
ECK120001408,scpA
ECK120001409,argK
ECK120004078,scpB
ECK120004079,scpC
ECK125272704,ygfI5'
ECK120004080,ygfI
ECK125135301,och5
ECK120001220,yggE
ECK120001142,argO
ECK120001143,mscS
ECK120000276,fbaA
ECK120000695,pgk
ECK120000361,epd
ECK120001144,yggC
ECK120001145,fumE
ECK120001221,yggF
ECK120004081,yggP
ECK120001726,cmtA
ECK120001725,cmtB
ECK120001391,tktA
ECK120001264,loiP
ECK120000949,speB
ECK120000948,speA
ECK120004082,yqgB
ECK120004083,yqgC
ECK120004084,yqgD
ECK120000582,metK
ECK120002048,galP
ECK120002025,yggI
ECK120001307,endA
ECK120002234,rsmE
ECK120000412,gshB
ECK120004085,yqgE
ECK120004086,yqgF
ECK120004087,yggR
ECK120004088,yggS
ECK120004089,yggT
ECK120004090,yggU
ECK120004091,rdgB
ECK120004092,yggW
ECK120002363,yggM
ECK120000042,ansB
ECK120002364,yggN
ECK120002296,yggL
ECK120001713,trmI
ECK120000620,mutY
ECK120004093,yggX
ECK120004094,mltC
ECK120000657,nupG
ECK120000950,speC
ECK120004095,yqgA
ECK120002507,pheV
ECK120004096,yghD
ECK120004097,yghE
ECK120004098,yghF
ECK120004099,yghG
ECK120004100,pppA
ECK120004101,yghJ
ECK120004102,glcA
ECK120002622,C0719
ECK120002441,glcB
ECK120004103,glcG
ECK120002572,glcF
ECK120004104,glcE
ECK120004105,glcD
ECK120004106,glcC
ECK120004107,yghO
ECK120004108,insH-9
ECK120004109,yghQ
ECK120004110,yghR
ECK120004111,yghS
ECK120004112,yghT
ECK120002422,pitB
ECK120002421,gss
ECK120004113,yghU
ECK120001739,hybG
ECK120001738,hybF
ECK120001737,hybE
ECK120001736,hybD
ECK120001735,hybC
ECK120001734,hybB
ECK120001733,hybA
ECK120004114,hybO
ECK120004115,yghW
ECK120004116,yghX_1
ECK120004117,yghX_2
ECK120004118,gpr
ECK120004119,yqhA
ECK120001265,yghA
ECK120004120,Phantom Gene
ECK120000266,exbD
ECK120000265,exbB
ECK120004121,Phantom Gene
ECK120000576,metC
ECK120001756,yghB
ECK120004122,yqhC
ECK120004123,yqhD
ECK120004124,dkgA
ECK120004125,yqhG
ECK120004126,yqhH
ECK120004127,ygiQ
ECK120001344,ftsP
ECK120001345,plsC
ECK120000679,parC
ECK120004128,ygiS
ECK120004129,mqsA
ECK120004130,mqsR
ECK120004131,ygiV
ECK120004132,ygiW
ECK120004133,qseB
ECK120002348,qseC
ECK120004134,ygiZ
ECK120002346,mdaB
ECK120002347,ygiN
ECK120000680,parE
ECK120004135,yqiA
ECK120004136,cpdA
ECK120004137,yqiB
ECK120002344,nudF
ECK120000998,tolC
ECK120001146,ygiA
ECK120001147,ygiB
ECK120001148,ygiC
ECK120001149,ygiD
ECK120001150,zupT
ECK120000458,ribB
ECK120002646,sroG
ECK120004138,ubiK
ECK120002231,ygiL
ECK120023921,insCD-5
ECK120004139,insC-5
ECK120004140,insD-5
ECK120004141,yqiG
ECK120004142,yqiH
ECK120004143,yqiI
ECK120001349,glgS
ECK120004144,yqiJ
ECK120004145,yqiK
ECK120002623,sibD
ECK120035072,ibsD
ECK120030085,sibE
ECK120035071,ibsE
ECK120004146,rfaE
ECK120001550,glnE
ECK120001551,ygiF
ECK120002289,ygiM
ECK120000132,cca
ECK120001608,bacA
ECK120001616,folB
ECK120001617,plsY
ECK120002359,ttdR
ECK120001151,ttdA
ECK120001152,ttdB
ECK120002256,ttdT
ECK120001153,tsaD
ECK120000911,rpsU
ECK120000233,dnaG
ECK120000887,rpoD
ECK120002372,mug
ECK120002488,ileX
ECK120004147,yqjH
ECK120004148,yqjI
ECK120004149,aer
ECK120004150,patA
ECK120004151,ygjH
ECK120000248,ebgR
ECK120000246,ebgA
ECK120000247,ebgC
ECK120002373,ygjI
ECK120004152,ygjJ
ECK120004153,ygjK
ECK120002681,fadH
ECK120004154,higA
ECK120004155,higB
ECK120004156,rlmG
ECK120004157,ygjP
ECK120004158,ygjQ
ECK120004159,ygjR
ECK120002581,sraF
ECK120004160,alx
ECK120002374,sstT
ECK120004161,ygjV
ECK120002375,uxaA
ECK120004451,uxaC
ECK120002376,exuT
ECK120002377,exuR
ECK120004162,yqjA
ECK120004163,mzrA
ECK120004164,yqjC
ECK120004165,yqjD
ECK120004166,yqjE
ECK120004167,yqjK
ECK120004168,yqjF
ECK120004169,yqjG
ECK120004170,yhaH
ECK120004171,yhaI
ECK120004172,yhaJ
ECK120004173,yhaK
ECK120004174,yhaL
ECK120004175,yhaM
ECK120002378,yhaO
ECK120004176,tdcG
ECK120004177,tdcF
ECK120004178,tdcE
ECK120001154,tdcD
ECK120000980,tdcC
ECK120000979,tdcB
ECK120000978,tdcA
ECK120000981,tdcR
ECK120001155,yhaB
ECK120001156,yhaC
ECK120002511,rnpB
ECK120001157,garK
ECK120001158,garR
ECK120000014,garL
ECK120002379,garP
ECK120002315,garD
ECK120000944,prlF
ECK120004179,yhaV
ECK120004180,agaR
ECK120004181,kbaZ
ECK120004182,agaV
ECK120004183,agaW
ECK120002380,agaA
ECK120004184,agaS
ECK120002381,kbaY
ECK120002382,agaB
ECK120002383,agaC
ECK120004185,agaD
ECK120004186,agaI
ECK120004187,yraH
ECK120004188,yraI
ECK120004189,yraJ
ECK120004190,yraK
ECK120004191,rsmI
ECK120004192,lpoA
ECK120004193,yraN
ECK120002384,diaA
ECK120004194,yraP
ECK120004195,yraQ
ECK120004196,yraR
ECK120004197,yhbO
ECK120004198,yhbP
ECK120004199,yhbQ
ECK120004200,yhbS
ECK120004201,yhbT
ECK120004202,yhbU
ECK120004203,yhbV
ECK120004204,yhbW
ECK120000610,mtr
ECK120000209,deaD
ECK120048863,yrbN
ECK120002239,nlpI
ECK120000734,pnp
ECK120002582,sraG
ECK120000905,rpsO
ECK120001159,truB
ECK120001160,rbfA
ECK120000498,infB
ECK120000658,nusA
ECK120001161,rimP
ECK120002503,metY
ECK120000064,argG
ECK120004205,yhbX
ECK120002492,leuU
ECK120002000,secG
ECK120001506,glmM
ECK120002570,folP
ECK120001462,ftsH
ECK120001463,rlmE
ECK120002385,yhbY
ECK120000408,greA
ECK120000196,dacB
ECK120004206,obgE
ECK120001455,yhbE
ECK120002561,rpmA
ECK120002560,rplU
ECK120000015,ispB
ECK120000649,sfsB
ECK120001327,murA
ECK120004207,ibaG
ECK120004208,mlaB
ECK120004209,mlaC
ECK120002386,mlaD
ECK120002387,mlaE
ECK120002388,mlaF
ECK120002389,yrbG
ECK120004210,kdsD
ECK120004211,kdsC
ECK120004212,lptC
ECK120004213,lptA
ECK120001623,lptB
ECK120000889,rpoN
ECK120001624,hpf
ECK120001625,ptsN
ECK120002046,rapZ
ECK125122006,yrbL3'
ECK120002047,npr
ECK120004214,yrbL
ECK120004215,mtgA
ECK120001350,elbB
ECK120002583,arcZ
ECK120000058,arcB
ECK125272706,yhcC5'
ECK120004216,yhcC
ECK125135303,
ECK120000396,gltB
ECK120000397,gltD
ECK120001469,gltF
ECK120001470,yhcA
ECK120004217,yhcD
ECK120004218,yhcE_1
ECK125272708,yhcF3'
ECK120004219,insH-10
ECK120026453,yhcE_2
ECK120004220,yhcF
ECK125135305,
ECK120004221,yhcG
ECK120004222,yhcH
ECK120004223,nanK
ECK120004224,nanE
ECK120002695,nanT
ECK120000630,nanA
ECK120004225,nanR
ECK120004226,dcuD
ECK125122001,rpsI3'
ECK120000967,sspB
ECK120000966,sspA
ECK120000899,rpsI
ECK120000865,rplM
ECK120004227,zapE
ECK120004228,yhcB
ECK120004229,degQ
ECK120001596,degS
ECK120000569,mdh
ECK120000066,argR
ECK120004230,yhcN
ECK120004231,yhcO
ECK120004232,aaeB
ECK120004233,aaeA
ECK120004234,aaeX
ECK120004235,aaeR
ECK120004236,tldD
ECK120004237,yhdP
ECK120001272,rng
ECK120001271,yhdE
ECK120000603,mreD
ECK120000602,mreC
ECK120000601,mreB
ECK120000016,csrD
ECK120001286,yhdH
ECK125240989,yrdF
ECK120004238,b3254
ECK125240974,yrdE
ECK120000269,accB
ECK120000270,accC
ECK120004239,yhdT
ECK120000678,panF
ECK120001453,prmA
ECK120001282,dusB
ECK120000311,fis
ECK120001454,yhdJ
ECK120004240,yhdU
ECK120001680,envR
ECK120000260,acrE
ECK120000261,acrF
ECK120004241,yhdV
ECK120002391,yhdW
ECK120002392,yhdX
ECK120002393,yhdY
ECK120002394,yhdZ
ECK120002533,rrfF
ECK120002545,thrV
ECK120002515,rrfD
ECK120002522,rrlD
ECK120002452,alaU
ECK120002486,ileU
ECK120002529,rrsD
ECK120004242,yrdA
ECK120004243,yrdB
ECK120000073,aroE
ECK120004244,tsaC
ECK120004245,yrdD
ECK120001553,smg
ECK120001552,smf
ECK120001404,def
ECK120001242,fmt
ECK120002059,rsmB
ECK120001008,trkA
ECK120001162,mscL
ECK120016317,arfA
ECK120001894,zntR
ECK120001895,yhdN
ECK120000869,rplQ
ECK120000884,rpoA
ECK120000894,rpsD
ECK120000901,rpsK
ECK120000903,rpsM
ECK120001210,rpmJ
ECK120000757,secY
ECK120000867,rplO
ECK120000879,rpmD
ECK120000895,rpsE
ECK120000870,rplR
ECK120000860,rplF
ECK120000898,rpsH
ECK120000904,rpsN
ECK120000859,rplE
ECK120000875,rplX
ECK120000866,rplN
ECK120000907,rpsQ
ECK120000878,rpmC
ECK120000868,rplP
ECK120000893,rpsC
ECK120000873,rplV
ECK120000909,rpsS
ECK120000856,rplB
ECK120000874,rplW
ECK120000858,rplD
ECK120000857,rplC
ECK120000900,rpsJ
ECK120001238,gspB
ECK120004246,gspA
ECK120004247,gspC
ECK120004248,gspD
ECK120004249,gspE
ECK120004250,gspF
ECK120004251,gspG
ECK120004252,gspH
ECK120004253,gspI
ECK120004254,gspJ
ECK120004255,gspK
ECK120004256,gspL
ECK120002068,gspM
ECK120001328,gspO
ECK120000109,bfr
ECK120001163,bfd
ECK120001215,chiA
ECK120001025,tufA
ECK120000353,fusA
ECK120000897,rpsG
ECK120000902,rpsL
ECK120004257,tusB
ECK120004258,tusC
ECK120004259,tusD
ECK120004260,yheO
ECK120004261,fkpA
ECK120001607,slyX
ECK120001606,slyD
ECK120016318,yheV
ECK120002444,kefB
ECK120004262,kefG
ECK120002423,yheS
ECK120004263,yheT
ECK125122004,crpT
ECK120004264,yheU
ECK120002233,prkB
ECK120001164,yhfA
ECK120000160,crp
ECK120004265,yhfK
ECK120000062,argD
ECK120000675,pabA
ECK120000301,fic
ECK120002242,yhfG
ECK120000748,ppiA
ECK120001237,tsgA
ECK120000646,nirB
ECK120000648,nirD
ECK120000647,nirC
ECK120000183,cysG
ECK120004266,yhfL
ECK120002424,frlA
ECK120004267,frlB
ECK120004268,frlC
ECK120004269,frlD
ECK120004270,frlR
ECK120004271,yhfS
ECK120004272,yhfT
ECK120004273,yhfU
ECK120004274,php
ECK120004275,yhfW
ECK120004276,yhfX
ECK120004277,yhfY
ECK120004278,yhfZ
ECK120001019,trpS
ECK120001802,gph
ECK120004466,rpe
ECK120000198,dam
ECK120001165,damX
ECK120000070,aroB
ECK120000077,aroK
ECK120002017,hofQ
ECK120004279,hofP
ECK120004280,hofO
ECK120004281,hofN
ECK120004282,hofM
ECK120000739,mrcA
ECK120004283,nudE
ECK120004284,yrfF
ECK120004285,yrfG
ECK120004286,hslR
ECK120004287,hslO
ECK120004288,yhgE
ECK120000681,pck
ECK120000263,envZ
ECK120000665,ompR
ECK120001530,greB
ECK120004289,yhgF
ECK120002006,feoA
ECK120002007,feoB
ECK120002425,feoC
ECK120001688,rpnA
ECK120000118,bioH
ECK120004290,yhgH
ECK120004291,nfuA
ECK120002247,gntT
ECK120000554,malQ
ECK120000553,malP
ECK120000555,malT
ECK120004292,rtcA
ECK120004293,rtcB
ECK120002224,rtcR
ECK120000393,glpR
ECK120000390,glpG
ECK120000388,glpE
ECK120000387,glpD
ECK120004294,yzgL
ECK120000373,glgP
ECK120000370,glgA
ECK120000372,glgC
ECK120000374,glgX
ECK120000371,glgB
ECK120000084,asd
ECK120004295,yhgN
ECK120002343,gntU
ECK120002341,gntK
ECK120002342,gntR
ECK120004296,yhhW
ECK120004297,yhhX
ECK120002584,ryhB
ECK120004298,yhhY
ECK120004299,yhhZ
ECK120004300,yrhA
ECK120023916,insAB-6
ECK120004301,insA-6
ECK120004302,insB-6
ECK120030086,yrhD
ECK120004303,yrhB
ECK120000367,ggt
ECK120001166,yhhA
ECK120001039,ugpQ
ECK120001037,ugpC
ECK120001038,ugpE
ECK120001035,ugpA
ECK120001036,ugpB
ECK120000529,livF
ECK120000530,livG
ECK120000534,livM
ECK120000531,livH
ECK120000533,livK
ECK120002098,panZ
ECK120000532,livJ
ECK120000888,rpoH
ECK120000339,ftsX
ECK120000334,ftsE
ECK120000340,ftsY
ECK120000337,rsmD
ECK120002099,yhhL
ECK120002100,yhhM
ECK120002101,yhhN
ECK120002102,zntA
ECK120002103,tusA
ECK120002104,yhhQ
ECK120004304,dcrB
ECK120002105,yhhS
ECK120002106,yhhT
ECK120002107,acpT
ECK120001981,nikA
ECK120001982,nikB
ECK120001983,nikC
ECK120001984,nikD
ECK120001985,nikE
ECK120001473,nikR
ECK120000838,rhsB
ECK120001474,yhhH
ECK120026454,yrhC
ECK120001479,yhhI
ECK120001703,yhhJ
ECK120002108,rbbA
ECK120002109,yhiI
ECK120002110,yhiJ
ECK120002111,yhiK
ECK120002112,yhiL
ECK120016281,yhiM
ECK120002113,yhiN
ECK120002114,pitA
ECK120002115,uspB
ECK120001357,uspA
ECK120002116,dtpB
ECK120002117,rsmJ
ECK120001405,prlC
ECK120002118,rlmJ
ECK120000405,gor
ECK120002670,dinQ
ECK125158033,agrA
ECK125158035,agrB
ECK120002119,arsR
ECK120002120,arsB
ECK120002121,arsC
ECK120002122,yhiS_1
ECK120004305,insH-11
ECK125095417,yhiS_2
ECK120001820,slp
ECK120001819,dctR
ECK120001366,yhiD
ECK120001365,hdeB
ECK120001364,hdeA
ECK120001451,hdeD
ECK125135001,arrS
ECK120001498,gadE
ECK125242747,gadF
ECK120002123,mdtE
ECK120002124,mdtF
ECK120002125,gadW
ECK120002624,gadY
ECK120002126,gadX
ECK120002568,gadA
ECK120002127,ccp
ECK120002128,treF
ECK120002129,yhjB
ECK120002130,yhjC
ECK120002131,yhjD
ECK120002132,yhjE
ECK120002133,yhjG
ECK120002134,pdeH
ECK120002135,kdgK
ECK120002136,yhjJ
ECK120002437,dctA
ECK120002137,pdeK
ECK120002138,bcsC
ECK120002139,bcsZ
ECK120002140,bcsB
ECK120002141,bcsA
ECK120002142,bcsQ
ECK120002143,yhjR
ECK120002144,bcsE
ECK120002145,bcsF
ECK120002146,bcsG
ECK120002626,ldrD
ECK120002627,rdlD
ECK120002147,yhjV
ECK120002340,dppF
ECK120002339,dppD
ECK120002338,dppC
ECK120002337,dppB
ECK120000242,dppA
ECK120002508,proK
ECK120002148,eptB
ECK120002149,yhjX
ECK120002150,yhjY
ECK120000975,tag
ECK120002151,yiaC
ECK120000120,bisC
ECK120002152,yiaD
ECK120002153,ghrB
ECK120002154,yiaF
ECK120002336,yiaG
ECK120000162,cspA
ECK120002664,hokA
ECK125240976,mokA
ECK120034531,insJK
ECK120004306,insJ
ECK120004307,insK
ECK120030087,sokA
ECK120000403,glyS
ECK120000402,glyQ
ECK120016319,ysaB
ECK120002155,wecH
ECK120001167,yiaA
ECK120001241,yiaB
ECK120001064,xylB
ECK120001063,xylA
ECK120002448,xylF
ECK120002156,xylG
ECK120002157,xylH
ECK120002449,xylR
ECK120001329,bax
ECK120001287,malS
ECK120000103,avtA
ECK120002158,ysaA
ECK120002159,yiaJ
ECK120002160,yiaK
ECK120002161,yiaL
ECK120002162,yiaM
ECK120002163,yiaN
ECK120002164,yiaO
ECK120002165,lyxK
ECK120002166,sgbH
ECK120002167,sgbU
ECK120002168,sgbE
ECK125240977,ysaC
ECK125240978,ysaD
ECK120002169,yiaT
ECK120002170,yiaU
ECK120002171,yiaV
ECK120002172,yiaW
ECK120002173,aldB
ECK120002174,yiaY
ECK120000931,selB
ECK120000930,selA
ECK120001698,yibF
ECK120000837,rhsA
ECK120001168,yibA
ECK120001702,yibJ
ECK120001699,yibG
ECK125240979,yibS
ECK125240980,yibW
ECK120030088,yibV
ECK125240981,yibU
ECK120001700,yibH
ECK120001701,yibI
ECK120000608,mtlA
ECK120000609,mtlD
ECK120001891,mtlR
ECK120016320,yibT
ECK120001890,yibL
ECK120001887,lldP
ECK120001888,lldR
ECK120001889,lldD
ECK120001818,trmL
ECK120000182,cysE
ECK120002442,gpsA
ECK120000926,secB
ECK120002175,grxC
ECK120002176,yibN
ECK120002177,gpmM
ECK120002178,envC
ECK120002179,yibQ
ECK120001240,waaH
ECK120000982,tdh
ECK120000505,kbl
ECK120001169,htrL
ECK120000829,rfaD
ECK120002097,waaF
ECK120001170,waaC
ECK120001388,waaL
ECK120001387,waaU
ECK120001390,waaZ
ECK120001389,waaY
ECK120001322,waaJ
ECK120001321,waaO
ECK120001320,waaB
ECK120001319,waaS
ECK120001311,waaP
ECK120001310,waaG
ECK120001312,waaQ
ECK125240975,rirA
ECK120000513,waaA
ECK120001171,coaD
ECK120000323,mutM
ECK120000882,rpmG
ECK120000877,rpmB
ECK120001283,yicR
ECK120000004,dfp
ECK120000245,dut
ECK120001172,slmA
ECK120000799,pyrE
ECK120000854,rph
ECK120001173,yicC
ECK120001174,dinD
ECK120001626,yicG
ECK120001305,ligB
ECK120000954,gmk
ECK120000890,rpoZ
ECK120000955,spoT
ECK120000956,trmH
ECK120000820,recG
ECK120000399,gltS
ECK120001175,xanP
ECK120001627,yicH
ECK120001628,yicI
ECK120001629,yicJ
ECK120002534,selC
ECK125240982,yicT
ECK120001630,setC
ECK120001631,yicL
ECK120000650,nlpA
ECK120016321,yicS
ECK120001632,nepI
ECK120001633,yicN
ECK120001634,adeQ
ECK120001635,adeD
ECK120001043,uhpT
ECK120001042,uhpC
ECK120001041,uhpB
ECK120001040,uhpA
ECK120000495,ilvN
ECK120000487,ilvB
ECK120001249,ivbL
ECK120015142,istR
ECK120015143,istR-1
ECK120015142,istR
ECK120002668,tisA
ECK120002669,tisB
ECK120001636,emrD
ECK120001637,yidF
ECK120001638,yidG
ECK120001639,yidH
ECK120001640,yidI
ECK120001648,yidJ
ECK120001649,yidK
ECK120001650,yidL
ECK120026455,ysdC
ECK120001651,glvG
ECK120001652,glvB
ECK120001653,glvC
ECK120001654,yidP
ECK120001490,yidE
ECK120001489,ibpB
ECK120001488,ibpA
ECK120001655,yidQ
ECK120001656,yidR
ECK120001657,cbrA
ECK120002440,dgoT
ECK120004465,dgoD
ECK120002438,dgoA
ECK120002439,dgoK
ECK120004308,dgoR
ECK120001658,yidX
ECK120001176,yidA
ECK120001177,yidB
ECK120000417,gyrB
ECK120000819,recF
ECK120000236,dnaN
ECK120000229,dnaA
ECK120000883,rpmH
ECK120000853,rnpA
ECK120016322,yidD
ECK120001178,yidC
ECK120000986,mnmE
ECK120001250,tnaC
ECK120000994,tnaA
ECK120000995,tnaB
ECK120001659,mdtL
ECK120001660,yidZ
ECK120001661,yieE
ECK120001662,yieF
ECK120001663,adeP
ECK120001664,yieH
ECK120001665,cbrB
ECK120001666,cbrC
ECK120001667,yieK
ECK120001668,yieL
ECK120001333,bglH
ECK120000110,bglB
ECK120000111,bglF
ECK120000112,bglG
ECK120000726,phoU
ECK120000774,pstB
ECK120000773,pstA
ECK120000775,pstC
ECK120000725,pstS
ECK120000375,glmS
ECK120001179,glmU
ECK120000096,atpC
ECK120000097,atpD
ECK120000100,atpG
ECK120000094,atpA
ECK120000101,atpH
ECK120000099,atpF
ECK120000098,atpE
ECK120000095,atpB
ECK120000102,atpI
ECK120000369,rsmG
ECK120000368,mnmG
ECK120001180,mioC
ECK120000089,asnC
ECK120000087,asnA
ECK120001669,viaA
ECK120001670,ravA
ECK120001495,kup
ECK120000808,rbsD
ECK120000805,rbsA
ECK120000807,rbsC
ECK120000806,rbsB
ECK120000809,rbsK
ECK120000810,rbsR
ECK120001671,hsrA
ECK120001672,yieP
ECK120002528,rrsC
ECK120002475,gltU
ECK120002521,rrlC
ECK120002514,rrfC
ECK120002466,aspT
ECK120002547,trpT
ECK120001412,hdfR
ECK120001413,maoP
ECK120001235,yifB
ECK120001244,ilvL
ECK120048853,ilvX
ECK120004461,ilvG_1
ECK120000491,ilvG_2
ECK120000494,ilvM
ECK120000490,ilvE
ECK120000489,ilvD
ECK120000486,ilvA
ECK120000496,ilvY
ECK120000488,ilvC
ECK120002222,ppiC
ECK120004309,yifO
ECK120004310,yifN
ECK120000828,rep
ECK120000406,gpp
ECK120000835,rhlB
ECK120001020,trxA
ECK120002284,rhoL
ECK120000836,rho
ECK120000831,rfe
ECK120001268,wzzE
ECK120001414,wecB
ECK120001415,wecC
ECK120001416,rffG
ECK120001417,rffH
ECK120001418,rffC
ECK120001419,wecE
ECK120001442,wzxE
ECK120004311,rffT
ECK120001420,wzyE
ECK120001421,rffM
ECK120001422,yifK
ECK120002460,argX
ECK120002484,hisR
ECK120002491,leuT
ECK120002510,proM
ECK120000086,aslB
ECK120000085,aslA
ECK120002585,glmZ
ECK120000427,hemY
ECK120000426,hemX
ECK120000423,hemD
ECK120000422,hemC
ECK120000166,cyaA
ECK120001597,cyaY
ECK120004312,yzcX
ECK120016323,yifL
ECK120000203,dapF
ECK120001181,yigA
ECK120001058,xerC
ECK120001182,yigB
ECK120001053,uvrD
ECK125272710,yigE5'
ECK120001424,yigE
ECK125135307,
ECK120001425,corA
ECK120001426,yigF
ECK120001427,yigG
ECK120001428,rarD
ECK120001429,yigI
ECK120000729,pldA
ECK120000824,recQ
ECK120001430,rhtC
ECK120001431,rhtB
ECK120000730,pldB
ECK120001432,yigL
ECK120001433,bioP
ECK120000584,metR
ECK120000577,metE
ECK120004313,ysgA
ECK120001034,udp
ECK120001434,rmuC
ECK120001435,ubiE
ECK120001436,ubiJ
ECK125145757,esrE
ECK120001437,ubiB
ECK120004314,tatA
ECK120004315,tatB
ECK120001438,tatC
ECK120001439,tatD
ECK120000830,rfaH
ECK120001363,ubiD
ECK120000328,fre
ECK120000272,fadA
ECK120000273,fadB
ECK120000690,pepQ
ECK120001440,yigZ
ECK120001010,trkH
ECK120001441,hemG
ECK120002526,rrsA
ECK120002485,ileT
ECK120002451,alaT
ECK120002519,rrlA
ECK120002512,rrfA
ECK120001760,mobB
ECK120001761,mobA
ECK120001762,yihD
ECK120001763,srkA
ECK120001270,dsbA
ECK120001764,yihF
ECK120001765,yihG
ECK120000737,polA
ECK120002540,spf
ECK120001183,yihA
ECK120002586,csrC
ECK120001766,yihI
ECK120001767,hemN
ECK120048869,yshB
ECK120000378,glnG
ECK125122003,glnA3'
ECK120000380,glnL
ECK125272714,typA5'
ECK120000376,glnA
ECK125135309,
ECK120001768,bipA
ECK120001769,yihL
ECK120001770,yihM
ECK120001771,yihN
ECK120004316,ompL
ECK120001772,yihO
ECK120001773,yihP
ECK120001774,yihQ
ECK120001775,yihR
ECK120001776,yihS
ECK120001777,yihT
ECK120001778,yihU
ECK120001779,yihV
ECK120001780,yihW
ECK120001781,yihX
ECK120001782,yihY
ECK120001783,dtd
ECK120001784,yiiD
ECK120001785,yiiE
ECK120001786,yiiF
ECK120000278,fdhE
ECK120001787,fdoI
ECK120001788,fdoH
ECK120001789,fdoG
ECK120001790,fdhD
ECK120001791,yiiG
ECK120001792,frvR
ECK120001793,frvX
ECK120001794,frvB
ECK120001795,frvA
ECK120001796,rhaM
ECK120001797,rhaD
ECK120001798,rhaA
ECK120001799,rhaB
ECK120000834,rhaS
ECK120000833,rhaR
ECK120001284,rhaT
ECK120000942,sodA
ECK120001800,kdgT
ECK120001801,yiiM
ECK120000159,cpxA
ECK120000017,cpxR
ECK120004317,cpxP
ECK125230238,cpxQ
ECK120001803,fieF
ECK120000691,pfkA
ECK120000918,sbp
ECK120000134,cdh
ECK120001004,tpiA
ECK120001804,yiiQ
ECK120001805,yiiR
ECK120001806,yiiS
ECK120001807,uspD
ECK120000621,fpr
ECK120001472,glpX
ECK120000391,glpK
ECK120000389,glpF
ECK120001808,zapB
ECK120001809,rraA
ECK120001810,menA
ECK120001811,hslU
ECK120001619,hslV
ECK120001483,ftsN
ECK120000194,cytR
ECK120000754,priA
ECK120000880,rpmE
ECK120001812,yiiX
ECK120000581,metJ
ECK120000575,metB
ECK120000583,metL
ECK120000578,metF
ECK120000504,katG
ECK120001831,yijE
ECK120001832,yijF
ECK120001833,gldA
ECK120001834,fsaB
ECK120001835,ptsA
ECK120001836,frwC
ECK120001837,frwB
ECK120001838,pflD
ECK120001839,pflC
ECK120001840,frwD
ECK120001841,yijO
ECK120001842,eptC
ECK120000747,ppc
ECK120001259,argE
ECK120000061,argC
ECK120000060,argB
ECK120001201,argH
ECK120002558,oxyS
ECK120000674,oxyR
ECK120001392,sthA
ECK120001361,fabR
ECK120001362,yijD
ECK120001011,trmA
ECK120000122,btuB
ECK120001184,murI
ECK120002527,rrsB
ECK120002474,gltT
ECK120002520,rrlB
ECK120002513,rrfB
ECK120001185,murB
ECK120000119,birA
ECK120000913,coaA
ECK120004318,Phantom Gene
ECK120002544,thrU
ECK120002549,tyrU
ECK120002478,glyT
ECK120002543,thrT
ECK120001026,tufB
ECK120000928,secE
ECK120000660,nusG
ECK120000863,rplK
ECK120000855,rplA
ECK120000862,rplJ
ECK120000864,rplL
ECK120000885,rpoB
ECK120000886,rpoC
ECK120001393,yjaZ
ECK120002647,sroH
ECK120001539,thiH
ECK120001538,thiG
ECK120002671,thiS
ECK120001537,thiF
ECK120001536,thiE
ECK120001535,thiC
ECK120001677,rsd
ECK120001645,nudC
ECK120001497,hemE
ECK120001843,nfi
ECK120001844,yjaG
ECK120000459,hupA
ECK120001845,yjaH
ECK120001846,zraP
ECK120000007,zraS
ECK120000475,zraR
ECK120000783,purD
ECK120000786,purH
ECK120002530,rrsE
ECK120002476,gltV
ECK120002523,rrlE
ECK120002516,rrfE
ECK120001186,yjaA
ECK120001187,yjaB
ECK120000574,metA
ECK120000020,aceB
ECK120000019,aceA
ECK120000023,aceK
ECK120001188,arpA
ECK120000484,iclR
ECK120000580,metH
ECK120001847,yjbB
ECK120001848,pepE
ECK120001849,rluF
ECK125121993,lysC5'
ECK120001850,yjbD
ECK120000543,lysC
ECK120000694,pgi
ECK120001851,yjbE
ECK120001852,yjbF
ECK120001853,yjbG
ECK120001854,yjbH
ECK120030089,yjbT
ECK120001189,psiE
ECK120001065,xylE
ECK120000549,malG
ECK120000548,malF
ECK120000547,malE
ECK120000551,malK
ECK120000521,lamB
ECK120000552,malM
ECK120001855,yjbI
ECK120001337,ubiC
ECK120001338,ubiA
ECK120000731,plsB
ECK120000218,dgkA
ECK120000526,lexA
ECK120001447,dinF
ECK120001856,yjbJ
ECK120001857,zur
ECK120001858,yjbL
ECK120001859,yjbM
ECK120001860,dusA
ECK120001861,pspG
ECK125256957,pspH
ECK120001448,qorA
ECK120000230,dnaB
ECK120000001,alr
ECK120001029,tyrB
ECK120030090,yjbS
ECK120001862,aphA
ECK120001863,yjbQ
ECK120001864,yjbR
ECK120001050,uvrA
ECK120000965,ssb
ECK120001865,yjcB
ECK120001866,pdeC
ECK120000947,soxS
ECK120000946,soxR
ECK120002587,ryjA
ECK120001867,ghxP
ECK120001868,yjcE
ECK120001869,yjcF
ECK120001870,actP
ECK120001871,yjcH
ECK120001411,acs
ECK120001715,nrfA
ECK120001872,nrfB
ECK120001873,nrfC
ECK120001874,nrfD
ECK120001875,nrfE
ECK120001876,nrfF
ECK120001877,nrfG
ECK120000398,gltP
ECK120001878,yjcO
ECK120000279,fdhF
ECK120001879,mdtP
ECK120001880,mdtO
ECK120001881,mdtN
ECK120030091,ytcA
ECK120001882,yjcS
ECK120001883,alsK
ECK120001884,alsE
ECK120001885,alsC
ECK120001886,alsA
ECK120002305,alsB
ECK120004319,alsR
ECK120001759,rpiB
ECK120002649,yjdP
ECK120000717,phnP
ECK120000716,phnO
ECK120000715,phnN
ECK120000714,phnM
ECK120000713,phnL
ECK120000712,phnK
ECK120000711,phnJ
ECK120000710,phnI
ECK120000709,phnH
ECK120000708,phnG
ECK120000707,phnF
ECK120004320,phnE_2
ECK120001256,phnE_1
ECK120000706,phnD
ECK120000705,phnC
ECK120000704,yjdN
ECK125256963,naRNA6
ECK125256972,naRNA5
ECK125256968,naRNA4
ECK125256964,naRNA3
ECK125256959,naRNA2
ECK125256969,naRNA1
ECK120000703,yjdM
ECK120001190,crfC
ECK120004321,yjcZ
ECK120001560,proP
ECK125135313,pmrR
ECK120001562,basS
ECK120001563,basR
ECK120001561,eptA
ECK120002306,adiC
ECK120001892,adiY
ECK120001457,adiA
ECK120001208,melR
ECK120000570,melA
ECK120000571,melB
ECK120004322,yjdF
ECK120000350,fumB
ECK120000005,dcuB
ECK120004323,dcuR
ECK120004324,dcuS
ECK120004325,yjdI
ECK120004326,yjdJ
ECK120004327,ghoS
ECK120016324,ghoT
ECK120000546,lysU
ECK120002307,dtpC
ECK120000127,cadA
ECK120000128,cadB
ECK120000129,cadC
ECK125240983,yjdQ
ECK120002506,pheU
ECK120002069,yjdC
ECK120002071,dsbD
ECK120002070,cutA
ECK120001203,dcuA
ECK120000091,aspA
ECK120004328,fxsA
ECK120004329,yjeH
ECK120000593,groS
ECK120000592,groL
ECK120004330,yjeI
ECK120004331,yjeJ
ECK120004332,epmB
ECK120002004,efp
ECK120002571,ecnA
ECK120002651,ecnB
ECK120001564,sugE
ECK120004333,blc
ECK120000036,ampC
ECK120000327,frdD
ECK120000326,frdC
ECK120000325,frdB
ECK120000324,frdA
ECK120001191,epmA
ECK120002308,yjeM
ECK120004334,yjeN
ECK120004335,yjeO
ECK120004336,mscM
ECK120000766,psd
ECK120004337,rsgA
ECK120004338,orn
ECK120002480,glyV
ECK120002482,glyX
ECK120002483,glyY
ECK120048854,yjeV
ECK120004339,queG
ECK120001694,yjeF
ECK120001693,tsaE
ECK120001332,amiB
ECK120001254,mutL
ECK120000588,miaA
ECK120000431,hfq
ECK120000430,hflX
ECK120000429,hflK
ECK120000428,hflC
ECK120004340,yjeT
ECK120000781,purA
ECK120001192,nsrR
ECK120001234,rnr
ECK120004341,rlmB
ECK120004342,yjfI
ECK120004343,yjfJ
ECK120004344,yjfK
ECK120004345,yjfL
ECK120004346,yjfM
ECK120001746,yjfC
ECK120001745,aidB
ECK120004347,yjfN
ECK120004348,bsmA
ECK120004349,yjfP
ECK120004350,ulaR
ECK120004351,ulaG
ECK120004352,ulaA
ECK120002309,ulaB
ECK120002310,ulaC
ECK120004353,ulaD
ECK120004354,ulaE
ECK120004355,ulaF
ECK120004356,yjfY
ECK120000896,rpsF
ECK120000755,priB
ECK120000908,rpsR
ECK120000861,rplI
ECK120004357,yjfZ
ECK120004358,ytfA
ECK120004359,ytfB
ECK120004360,fklB
ECK120002311,cycA
ECK120004361,ytfE
ECK120004362,ytfF
ECK120004363,qorB
ECK120004364,ytfH
ECK120000156,cpdB
ECK120000039,cysQ
ECK120004365,ytfI
ECK120004366,ytfJ
ECK125272712,ytfL5'
ECK120004367,ytfK
ECK120004368,ytfL
ECK125135311,
ECK120001397,msrA
ECK120004369,tamA
ECK120004370,tamB
ECK120004371,ytfP
ECK120001193,yzfA
ECK120001225,chpS
ECK120002001,chpB
ECK120000746,ppa
ECK120002312,ytfQ
ECK120002313,ytfR
ECK120002314,ytfT
ECK120002293,yjfF
ECK120000277,fbp
ECK120002294,mpl
ECK120001376,yjgA
ECK120000732,pmbA
ECK120002567,cybC
ECK120004452,nrdG
ECK120001382,nrdD
ECK120001368,treC
ECK120002029,treB
ECK125121995,mgtA5'
ECK120002090,treR
ECK125122027,mgtL
ECK120002316,mgtA
ECK120004372,ridA
ECK120000802,pyrI
ECK120000796,pyrB
ECK120001252,pyrL
ECK120004373,Phantom Gene
ECK120004374,yjgH
ECK120004375,bdcA
ECK120004377,bdcR
ECK120004376,Phantom Gene
ECK120004378,tabA
ECK120004379,yjgL
ECK120000065,argI
ECK120004380,rraB
ECK120004381,yjgM
ECK120004382,yjgN
ECK120001056,valS
ECK120001379,holC
ECK120000686,pepA
ECK120004383,lptF
ECK120004384,lptG
ECK120004385,yjgR
ECK120004386,idnR
ECK120002317,idnT
ECK120004387,idnO
ECK120004388,idnD
ECK120002051,idnK
ECK120001400,ahr
ECK120002495,leuX
ECK120002232,intB
ECK120004389,insC-6
ECK120023922,insCD-6
ECK120004390,insD-6
ECK120004391,yjgW
ECK120026456,yjgX_3
ECK120004392,yjgX_2
ECK120004393,yjgX_1
ECK120004394,yjgZ
ECK120004395,insG
ECK120002318,yjhB
ECK120004396,yjhC
ECK120033233,ythA
ECK120004397,yjhD
ECK120004398,yjhE
ECK120004399,insN-2
ECK120004400,insI-3
ECK120026457,insM
ECK120004401,insO-2
ECK120016925,yjhW
ECK120004402,yjhV
ECK120000284,fecE
ECK120000283,fecD
ECK120000282,fecC
ECK120000281,fecB
ECK120000280,fecA
ECK120000286,fecR
ECK120000285,fecI
ECK120004403,insA-7
ECK120026458,insB-7_1
ECK120026459,insB-7_2
ECK120004404,yjhU
ECK120002319,yjhF
ECK120004405,yjhG
ECK120004406,yjhH
ECK120004407,yjhI
ECK120004408,sgcR
ECK120004409,sgcE
ECK120002320,sgcA
ECK120030092,ryjB
ECK120004410,sgcQ
ECK120002321,sgcC
ECK120015144,sgcB
ECK120002322,sgcX
ECK125240984,yjhY
ECK120004411,yjhP
ECK120004412,yjhQ
ECK120016325,topAI
ECK125240985,yjhZ
ECK120004413,yjhR
ECK120004414,nanS
ECK120004415,nanM
ECK120004416,nanC
ECK120000303,fimB
ECK125121997,fimA3'
ECK120000306,fimE
ECK120000302,fimA
ECK120001899,fimI
ECK120000304,fimC
ECK120000305,fimD
ECK120000307,fimF
ECK120000308,fimG
ECK120000309,fimH
ECK120002323,gntP
ECK120001055,uxuA
ECK120002446,uxuB
ECK120002447,uxuR
ECK120004417,yjiC
ECK125256971,ytiC
ECK125256961,ytiD
ECK125256967,idlP
ECK120004418,iraD
ECK120004419,hypT
ECK120004420,iadA
ECK120004421,yjiG
ECK120004422,yjiH
ECK120004423,kptA
ECK120004424,yjiJ
ECK120004425,yjiK
ECK125229293,ytiA
ECK120004426,yjiL
ECK120004427,yjiM
ECK120004428,yjiN
ECK120002324,mdtM
ECK120004429,rpnD
ECK120004430,yjiQ
ECK120004431,yjiR
ECK120004432,yjiS
ECK120004433,yjiT
ECK120001353,yjiV
ECK120000568,mcrC
ECK120000567,mcrB
ECK120004434,symE
ECK120030093,symR
ECK120000453,hsdS
ECK120000451,hsdM
ECK120000452,hsdR
ECK120000605,mrr
ECK120000018,yjiA
ECK120004435,yjiX
ECK120004436,btsT
ECK120001023,tsr
ECK120002325,lgoT
ECK120004437,lgoR
ECK120004438,lgoD
ECK120002326,opgB
ECK120001194,yjjA
ECK120000231,dnaC
ECK120000238,dnaT
ECK120001195,yjjB
ECK120004439,yjjP
ECK120004440,yjjQ
ECK120004441,bglJ
ECK120004442,fhuF
ECK120016326,yjjZ
ECK120002493,leuV
ECK120002489,leuP
ECK120002490,leuQ
ECK120004443,rsmC
ECK120001380,holD
ECK120000841,rimI
ECK120002019,yjjG
ECK120002018,prfC
ECK120001358,osmY
ECK120016327,ytjA
ECK120004444,yjjU
ECK120004445,yjjV
ECK120004446,yjjW
ECK120002066,yjjI
ECK120000215,deoC
ECK120000213,deoA
ECK120000214,deoB
ECK120000216,deoD
ECK120002217,yjjJ
ECK120001730,lplA
ECK120000940,ytjB
ECK120000934,serB
ECK120001269,radA
ECK120001306,nadR
ECK120002218,ettA
ECK120000939,slt
ECK120001018,trpR
ECK120002327,yjjX
ECK120002060,ytjC
ECK120001334,rob
ECK120001196,creA
ECK120001197,creB
ECK120000721,creC
ECK120000141,creD
ECK120000057,arcA
ECK120004447,yjjY
ECK120002186,yjtD
ECK120002672,"ackB
"
ECK120002630,alaB
ECK120002677,dgd
